age,income,credit_score,loan_amount,employment_years,debt_to_income_ratio,education,employment_type,loan_approved
60,74631.44256661166,673.9308466820346,223412.11099204785,22,0.6,Master,Freelancer,1
50,49417.8157591996,792.9324262712855,200639.75196938126,16,0.6,Bachelor,Salaried,1
36,51305.52842220009,516.2126508789768,194639.42864451918,12,0.6,High School,Salaried,0
64,35789.87930086813,705.1559270212424,154290.06228400706,1,0.6,High School,Salaried,1
29,38308.607061837,626.3357814468955,212080.98324462556,24,0.6,High School,Self-Employed,1
42,20000.0,765.0290530916161,177338.5992928426,12,0.6,High School,Salaried,1
60,50827.33814627918,690.4257195013453,323687.2134587766,25,0.6,High School,Salaried,1
40,87585.33814462958,561.5984545440793,264891.46072879294,6,0.6,Bachelor,Salaried,1
44,34720.70827843269,629.914852170938,83776.32832893232,27,0.6,High School,Salaried,1
32,94642.95392232458,635.8304323952377,88227.36014255379,9,0.6,High School,Self-Employed,1
32,71213.76893918621,637.6821785189951,189563.2104768508,22,0.6,Bachelor,Self-Employed,1
45,42896.168285343374,761.9262944775263,168375.5618048203,5,0.6,High School,Self-Employed,0
57,50408.97057228318,565.738007860977,185344.48654224598,2,0.6,High School,Self-Employed,1
61,47973.49538127594,750.3051309661183,252092.91685218504,25,0.6,Bachelor,Salaried,1
45,75592.45960096567,619.775032407848,225258.87191018855,2,0.6,High School,Salaried,1
24,57755.235951769406,672.3511106329165,224450.33843665235,17,0.6,Bachelor,Self-Employed,1
43,67729.61072932722,657.2377586281034,315695.5732396315,10,0.6,High School,Salaried,1
23,55372.577680420225,647.8194661918166,88888.67566615365,21,0.6,Master,Self-Employed,1
45,48320.412191080744,648.6397165554678,208315.10673191195,19,0.6,PhD,Salaried,1
51,54896.35047606072,795.7358558271021,153675.79616421968,4,0.6,Master,Salaried,1
59,43895.83649191878,734.2449924906144,314834.8628671482,18,0.6,Bachelor,Self-Employed,1
23,28216.939347936535,613.7284310420071,50000.0,21,0.6,Master,Self-Employed,1
42,62205.32863934976,808.2787254122092,50000.0,26,0.6,Bachelor,Self-Employed,1
54,27482.533274853697,677.4681073992853,224370.90370784406,27,0.6,High School,Salaried,1
33,45967.48734807237,685.7624259323894,290103.72474593174,18,0.6,Bachelor,Self-Employed,1
43,43402.03568576874,566.2680920668608,261860.34570536402,29,0.6,Master,Salaried,1
46,59650.308965811055,600.250134159486,135921.5365345833,14,0.6,Bachelor,Salaried,1
48,73470.56877400294,581.1496492072824,320513.73776012636,29,0.6,High School,Freelancer,1
63,68074.55970951123,658.6072864993675,101482.50011246333,15,0.6,Master,Self-Employed,1
49,60086.375283426394,713.8783079448209,304598.7351634676,23,0.6,Master,Salaried,1
37,40551.92531568827,686.7232299422213,112061.7399713485,8,0.6,High School,Self-Employed,0
36,47247.962696053044,808.8044156069582,171854.06621302225,3,0.6,Bachelor,Salaried,1
24,45060.89439416273,561.2241994788765,251141.56302855338,14,0.6,High School,Salaried,1
58,42945.778299058344,661.4869043538882,82703.3735283068,24,0.6,Master,Salaried,1
28,43963.23337059744,521.7060670701705,317521.8718032614,11,0.6,High School,Freelancer,0
42,43562.92947398614,557.8129028396738,171364.49348789486,22,0.6,Bachelor,Salaried,1
30,42898.60710949256,776.4578377338464,210982.09085426314,2,0.6,Master,Self-Employed,1
60,64278.245270428306,603.6835133528534,292976.06312326016,22,0.6,Bachelor,Salaried,0
39,34180.44666700862,569.6636203939729,136549.972386628,13,0.6,Bachelor,Self-Employed,1
25,39057.88846544254,437.00231244170527,284865.0949004311,16,0.6,Bachelor,Salaried,0
46,26248.89918440732,568.6645352211083,331242.68567138957,18,0.6,High School,Self-Employed,0
35,71232.24203766274,629.4719725805021,147553.6802136337,5,0.6,Bachelor,Salaried,1
30,38052.45562013619,514.2597040213789,309551.01380770357,3,0.6,High School,Self-Employed,1
47,59911.628475832105,623.7216611017532,59153.712460671755,6,0.6,Bachelor,Freelancer,1
23,57129.782903184605,777.0631060658224,231168.03158356535,29,0.6,High School,Self-Employed,1
41,69782.57931636156,579.2694659671668,101712.1187436953,18,0.6,Bachelor,Salaried,0
49,46849.74952437359,555.6616950630064,275405.48388289515,16,0.6,PhD,Freelancer,1
28,35786.90319071132,537.6098533134907,268836.4838737763,24,0.6,PhD,Salaried,0
29,26663.750361925573,535.82359074842,366190.39964729943,15,0.6,Bachelor,Self-Employed,0
56,20000.0,703.557744688843,313702.63863619993,14,0.6,High School,Self-Employed,1
35,52420.29838818354,654.8668736883051,186738.3041918836,21,0.6,Bachelor,Salaried,1
38,61632.08858733372,745.6856879275574,113460.20101609277,7,0.6,Master,Salaried,1
57,57075.32157796761,850.0,245254.9663735512,18,0.6,High School,Salaried,1
61,27053.535452407883,466.9608868090852,195141.48716916054,7,0.6,PhD,Salaried,1
25,65582.39217667893,688.0078708441773,324092.4035676563,17,0.6,Bachelor,Self-Employed,0
23,39526.75957526971,538.138066556644,50000.0,27,0.6,PhD,Salaried,0
27,36396.447587873685,728.8899298033451,375044.54074309015,15,0.6,Master,Salaried,1
63,39190.51647045225,622.8087998926563,242559.2486089443,19,0.6,Master,Salaried,0
25,51176.13383759116,652.7322760864173,134959.03026237022,18,0.6,Bachelor,Salaried,0
50,27729.476427243917,521.6822572070192,258719.1381934853,9,0.6,High School,Salaried,0
39,49444.46129421323,607.3572974886832,303793.7137031763,16,0.6,Bachelor,Self-Employed,0
47,56441.72368075504,658.9662251108259,209147.7513042951,12,0.6,Bachelor,Salaried,1
55,66609.85844365423,785.6078146806708,58806.369268412556,12,0.6,High School,Self-Employed,1
31,52639.34985831866,570.5439472591446,176492.23709223152,6,0.6,Bachelor,Salaried,0
57,29905.57252709313,594.9308428469687,283151.60424337105,26,0.6,Bachelor,Salaried,1
35,52233.353414783356,744.4289642182282,239733.17873818998,9,0.6,Bachelor,Self-Employed,1
52,34096.1258908082,564.0659716300689,187479.4375331702,1,0.6,Bachelor,Salaried,0
36,33230.82265449574,764.2385143974126,304665.2664713148,3,0.6,High School,Salaried,1
29,29559.445946900312,649.0913425273744,259144.46726658373,24,0.6,PhD,Salaried,0
35,21331.194801589638,680.3122961591844,265307.1324750675,5,0.6,High School,Salaried,1
44,41492.552480969076,686.752230250937,167149.2246415359,23,0.6,Bachelor,Salaried,1
61,66933.33114570362,588.3779446593392,159409.3054603121,17,0.6,Bachelor,Salaried,0
42,83847.26023141312,688.9886819472396,64003.222345358314,22,0.6,Master,Salaried,1
37,41396.22262489859,572.7630215685699,179248.6595250195,5,0.6,High School,Salaried,0
39,66291.58290154484,599.789699590112,274831.3643038502,28,0.6,Bachelor,Salaried,1
45,44081.265226451076,705.8690966033275,183672.53623875306,29,0.6,Bachelor,Salaried,1
47,25238.96420827158,679.3393955641903,235643.10772232042,24,0.6,High School,Salaried,1
46,60514.13392169116,642.5035049160953,288895.9485322624,22,0.6,Bachelor,Salaried,0
62,53522.2113019335,524.1268350736989,229826.63934389057,16,0.6,PhD,Freelancer,1
50,77270.29411941674,549.084171065037,237641.18094086414,13,0.6,PhD,Salaried,0
36,26979.822770258663,677.6709043904984,91374.20303699566,23,0.6,High School,Self-Employed,1
22,91940.49062502915,723.2140563485116,174194.81727184184,10,0.6,High School,Salaried,1
46,73875.75984782234,539.0354495479243,338130.1205197276,25,0.6,Bachelor,Freelancer,1
28,49731.14639657219,566.0174752547832,208303.77448768748,18,0.6,Bachelor,Salaried,1
30,45520.43312302223,663.4185174177719,351739.054559726,29,0.6,High School,Freelancer,1
45,39262.85196697074,661.2787862629093,142150.74954888423,1,0.6,High School,Self-Employed,0
22,51645.98958781689,487.6042791238959,218715.79617076318,27,0.6,PhD,Salaried,0
29,47240.957668865325,666.1563013439988,169385.72499585056,2,0.6,PhD,Self-Employed,1
45,57706.931203709166,590.1632189769781,247358.77480996426,10,0.6,High School,Salaried,1
32,45584.50008472541,814.1046629728958,271600.69344480964,5,0.6,Bachelor,Salaried,1
38,71224.45537244994,674.9198542735656,248197.28765607203,28,0.6,Bachelor,Self-Employed,1
29,51875.6904674967,692.1473449875903,283348.1714998423,13,0.6,High School,Freelancer,1
56,46147.74458111402,694.7359302190611,198946.16091821386,18,0.6,Bachelor,Salaried,1
56,65364.29872669085,528.6072619347435,184757.7305869058,25,0.6,Bachelor,Salaried,1
54,25662.145547033717,844.3876893108603,59344.55941792225,15,0.6,Master,Self-Employed,1
26,55114.82528415701,487.7088752548826,251076.07481316518,20,0.6,Master,Self-Employed,0
63,50383.5700461415,729.5703141699743,213774.7273792126,21,0.6,Bachelor,Self-Employed,1
60,28837.24204391326,711.8663937480649,194566.82099499734,23,0.6,Bachelor,Self-Employed,1
62,24372.450806472385,602.299762008704,184734.6075636524,6,0.6,High School,Salaried,0
49,65155.175044123665,716.6450316713389,197049.63509249678,29,0.6,Bachelor,Freelancer,1
28,64441.8603552604,618.2426801176262,181101.10948016663,26,0.6,Bachelor,Salaried,0
30,52588.37644451539,582.4538555144222,157757.29291493562,7,0.6,High School,Salaried,1
29,75749.86664682085,696.9559169352927,219167.1104579335,18,0.6,High School,Salaried,1
33,56614.52272791903,549.3439008912098,238732.72951463622,19,0.6,High School,Salaried,1
55,68747.07979116823,627.574484124243,138354.56684910553,15,0.6,PhD,Salaried,1
54,56304.86880776781,590.5823251270042,167941.15446500873,21,0.6,High School,Self-Employed,0
44,45862.856515970125,616.4020490427055,183630.25989881053,26,0.6,High School,Salaried,0
45,34137.031228499865,693.2728599130185,200385.06459014278,6,0.6,Bachelor,Salaried,0
58,40948.45617645856,590.5633627653793,189745.16243313864,8,0.6,Bachelor,Self-Employed,1
56,46143.165931291725,630.7676086927636,252777.69597251152,12,0.6,High School,Salaried,0
61,70447.29653160057,599.6854748098418,67810.63874369525,0,0.6,PhD,Salaried,1
43,61548.79337794495,794.3996665574546,81997.02413279064,28,0.6,Master,Salaried,1
48,54954.786023639244,684.261239821389,215485.5519402862,7,0.6,Bachelor,Freelancer,0
56,63050.14861346112,672.006963296672,151785.1321737769,23,0.6,Bachelor,Salaried,1
22,57910.75573538724,718.3418504623424,270739.3844619049,21,0.6,High School,Salaried,1
56,53929.064166602395,590.5865423225114,293584.076207084,3,0.6,Bachelor,Salaried,0
58,27520.108977395677,735.9257224999841,218699.77411383283,2,0.6,Master,Salaried,0
35,67087.36359292515,684.6177745832741,114242.00669806567,26,0.6,High School,Salaried,1
24,43122.322287102856,493.91090972459347,284367.48129816476,2,0.6,High School,Salaried,0
22,66328.10416433816,507.19691668992357,215912.2129720262,21,0.6,Bachelor,Salaried,1
26,67778.15437266334,592.7702947215935,81045.12219783058,12,0.6,High School,Freelancer,1
47,39949.412096669796,517.899350413483,88118.42815478526,7,0.6,PhD,Salaried,0
35,64245.741208939064,626.1721539300416,321355.7431766916,6,0.6,High School,Salaried,1
60,44585.18781116152,548.6262008584135,308090.8730608984,26,0.6,Master,Salaried,1
48,44674.515085299136,640.2276946929081,50000.0,0,0.6,Bachelor,Salaried,0
30,53862.09851873987,791.1709375931456,91376.72837936986,26,0.6,Master,Self-Employed,1
36,54267.08883754311,645.0623096443815,291268.43964973243,15,0.6,Bachelor,Salaried,1
36,50578.27273026338,619.7035545098071,198520.59292855614,5,0.6,Bachelor,Salaried,0
47,29985.67976666065,688.8242647785344,256147.94283936743,6,0.6,Master,Self-Employed,0
63,48178.30040773491,580.3580207077397,195043.78031215226,11,0.6,Bachelor,Salaried,1
34,84177.1809228261,734.3414309396,252359.3992056963,22,0.6,Bachelor,Salaried,1
53,20000.0,699.5212953124112,200466.68373323468,8,0.6,Bachelor,Salaried,1
60,63046.10660342619,653.8865562048563,164991.3394594427,26,0.6,Master,Salaried,0
53,65856.87400034463,665.4315831633586,284699.50639318477,10,0.6,Bachelor,Salaried,1
25,29624.78421070772,850.0,216164.3692820517,9,0.6,PhD,Salaried,1
51,42958.416298856806,744.2312210267868,252191.09729948532,20,0.6,High School,Salaried,1
58,34989.242630849825,850.0,212595.83399686133,0,0.6,Bachelor,Self-Employed,1
44,77809.48065967819,703.2030193292452,161091.44851601496,17,0.6,Master,Salaried,1
60,66545.37900166673,502.8308557329312,328671.1449085754,3,0.6,Bachelor,Salaried,1
36,67271.38061697099,623.782629713616,228397.46038061325,4,0.6,Master,Salaried,1
64,51809.70838992193,479.9795125451934,171596.10845022788,8,0.6,PhD,Salaried,0
50,69681.37924624464,702.8303034666918,302266.3576254973,26,0.6,Bachelor,Salaried,1
57,49876.45149406883,724.5404197345401,94334.09808968342,16,0.6,High School,Freelancer,0
34,70387.36440815838,561.408400404072,378902.6920636789,2,0.6,High School,Self-Employed,1
53,47769.55363831669,584.4363620353147,185668.01938692573,15,0.6,Master,Freelancer,1
28,39811.37124929841,664.8750896235215,98558.86340932989,4,0.6,Master,Self-Employed,0
43,77164.25399497915,530.1895936735782,352475.3078766052,15,0.6,High School,Salaried,1
49,49687.268590022955,522.6840230757467,162946.59095417667,2,0.6,High School,Salaried,0
23,36518.00137636304,773.8632048041121,219459.56558845018,19,0.6,High School,Salaried,1
63,36355.491537650414,661.4710618163969,257415.25931515708,14,0.6,Master,Salaried,1
27,36401.319904714386,594.1890642294044,294733.80221281166,29,0.6,Bachelor,Freelancer,0
49,62666.635265440535,480.7881111442781,223981.96509772516,2,0.6,Bachelor,Salaried,0
49,48517.05684432176,735.2351356894472,148214.76733359703,19,0.6,Bachelor,Self-Employed,1
41,84469.38463995623,581.548178778303,217519.4018667194,13,0.6,Master,Salaried,1
51,67792.67273486182,836.0684445870538,166454.7563734623,15,0.6,Bachelor,Self-Employed,1
32,53857.07195140957,735.9310097693444,219920.9341091619,28,0.6,Bachelor,Freelancer,1
49,71058.46311797424,569.1858145592731,330251.9636605487,28,0.6,High School,Self-Employed,1
46,42567.38995295775,578.4528302868529,260474.0153315035,16,0.6,Bachelor,Self-Employed,0
60,22178.212937610413,822.1851162944331,216531.7150478671,27,0.6,Master,Salaried,1
54,35156.2541363789,641.5740553165496,259079.26660850723,23,0.6,PhD,Self-Employed,0
22,52208.11744054404,598.668877167663,264806.45215273486,19,0.6,High School,Freelancer,0
48,46661.877917432896,652.772168847657,113770.07176250198,22,0.6,High School,Self-Employed,1
34,62366.23082386191,598.208734994621,203337.81689725583,17,0.6,High School,Self-Employed,1
62,48130.79327984796,674.1048477108166,405002.21274660126,17,0.6,Bachelor,Self-Employed,1
24,61220.520889425876,642.4176378481737,297025.6788025493,21,0.6,Master,Self-Employed,0
60,72514.57445846434,737.5507980511509,159725.155267104,13,0.6,High School,Salaried,1
27,48084.56224083842,611.1425896760874,151743.36831059027,17,0.6,Bachelor,Self-Employed,1
29,58327.17933066682,561.5183633310353,149077.94214595182,14,0.6,Bachelor,Salaried,0
48,23678.19739137149,615.1015303376414,269305.59602096456,14,0.6,High School,Salaried,0
30,48141.59031889161,614.4916101775954,328611.2736892974,5,0.6,Bachelor,Salaried,1
58,31520.62811380968,642.2466184806007,246573.36355840464,26,0.6,High School,Salaried,1
54,52178.40165694021,713.4540288057225,212572.98798950543,14,0.6,Bachelor,Salaried,1
63,53539.99635015996,707.9908967471921,164467.57138937828,17,0.6,Master,Salaried,0
45,53490.145368706915,769.9658675858568,226349.85164668213,3,0.6,Bachelor,Salaried,0
36,42798.1611530556,568.8510322266476,134390.26239230324,22,0.6,High School,Salaried,1
53,84477.03292602251,688.8720123051108,50000.0,7,0.5918768482764488,PhD,Salaried,1
53,30979.677325353976,722.7319847020715,330946.05520899594,14,0.6,Bachelor,Self-Employed,1
45,30062.81259257726,582.5779593688136,119534.98637103125,2,0.6,Master,Freelancer,1
62,74824.67563604878,629.2368947017621,174013.41010645445,29,0.6,High School,Self-Employed,1
33,39435.8130411516,475.0022125781203,252508.59605034327,14,0.6,High School,Freelancer,0
60,35829.639686953546,740.6857695125735,314757.3495476843,12,0.6,High School,Self-Employed,1
23,84543.6784658467,628.4501797680131,220570.4521934897,8,0.6,High School,Salaried,0
24,64785.840752353455,730.6564176681,104503.12098713373,1,0.6,Bachelor,Self-Employed,0
58,41083.03177792667,670.6049517879513,175892.2840246759,23,0.6,PhD,Self-Employed,1
38,53262.61858540341,631.4834771025127,145721.16759799366,7,0.6,Bachelor,Salaried,1
23,79188.06927241526,490.7197200647514,196943.11780229432,28,0.6,High School,Salaried,0
23,60374.31021426301,508.504738928356,298558.75770157087,29,0.6,Bachelor,Self-Employed,0
49,69292.22682659664,390.68538156582576,50000.0,19,0.6,High School,Salaried,0
44,62072.04768100708,593.7386517171344,167088.81359780073,16,0.6,Bachelor,Self-Employed,0
58,63953.80018930312,850.0,161276.02908903855,12,0.6,Bachelor,Salaried,1
53,50596.12543865641,521.2052610482001,99459.09240834884,0,0.6,Master,Salaried,0
54,50170.22718464329,386.8568116580094,246839.2594999693,1,0.6,PhD,Salaried,0
22,54005.755780226806,746.2668919585532,86801.93024991616,29,0.6,High School,Salaried,1
40,61016.792111754505,850.0,96008.45765629402,14,0.6,Bachelor,Salaried,1
23,45750.2702625108,679.7921065259802,268085.5371216491,11,0.6,PhD,Self-Employed,0
47,51830.80901754507,678.873239471996,320045.7095170135,13,0.6,Master,Self-Employed,1
53,45344.81576066022,619.0117926356248,193912.25851104327,24,0.6,Bachelor,Self-Employed,0
27,51735.27232991794,470.574276948994,102608.31048085872,28,0.6,PhD,Salaried,0
53,31235.055035272293,504.92880822565235,143555.67265774,1,0.6,High School,Self-Employed,0
25,89089.66200439277,618.3246670601482,280640.1557796036,17,0.6,PhD,Salaried,1
32,39005.898218316855,599.1544659970257,209315.0592530715,21,0.6,High School,Salaried,0
38,44578.08912860853,638.4827072230058,191916.89784944616,6,0.6,Bachelor,Salaried,0
59,37711.03409667796,732.9324823928159,225043.9767930517,28,0.6,Master,Salaried,1
45,59235.6312374681,591.8162168082979,196987.20451796474,22,0.6,High School,Salaried,1
26,47059.96053136503,734.9716756404612,323656.9838127374,28,0.6,Bachelor,Salaried,1
55,35542.88734854173,592.471029009723,140068.53882451192,24,0.6,Bachelor,Self-Employed,1
27,59853.25049336514,753.8239592865757,130883.27065318292,5,0.6,PhD,Self-Employed,1
43,61874.73721884187,658.6367567073423,89323.71855450752,13,0.6,Master,Salaried,1
32,48996.855132840996,606.4169659078487,156800.98914194477,7,0.6,Master,Salaried,0
37,40045.61072926885,656.929406054889,112641.96202670764,26,0.6,Bachelor,Salaried,1
54,82865.99008339577,620.6461157842433,217446.04069221788,21,0.6,Master,Salaried,1
30,55101.01445787847,661.3134237679972,201675.78924201147,1,0.6,Bachelor,Self-Employed,0
27,30888.965225700143,725.8106198517472,113673.9599945619,16,0.6,Bachelor,Salaried,1
37,71210.60691504151,641.278440158435,247131.1487222378,4,0.6,Master,Self-Employed,1
50,37163.378758811436,613.0431147146219,321345.0293703899,13,0.6,Bachelor,Self-Employed,1
24,91128.17510404874,537.6483795089171,228627.06789368187,24,0.6,High School,Salaried,1
41,51194.8678629138,707.9178019291714,50000.0,23,0.6,High School,Freelancer,0
57,65199.7405408303,684.8272226402725,358970.4776536084,29,0.6,High School,Salaried,1
40,20000.0,531.8057149072479,259753.87752568477,28,0.6,Master,Salaried,0
47,30737.886738650555,733.5494277920761,356513.46025507606,19,0.6,Bachelor,Salaried,1
24,70007.89429641073,530.1815967397664,287257.8868919867,20,0.6,Master,Salaried,1
40,54767.22598443706,752.9221791233894,303241.23350964475,28,0.6,Bachelor,Salaried,0
41,80635.94634071109,718.7863327187018,216421.35148808677,20,0.6,High School,Salaried,1
53,57277.62657844384,691.9665522598069,179016.3190248134,21,0.6,Bachelor,Self-Employed,1
28,52179.4435961156,612.3004840832964,229878.49501857284,2,0.6,Master,Freelancer,0
62,75703.60986233308,707.5779782666452,143297.19358027686,4,0.6,Bachelor,Self-Employed,1
54,65152.054988381664,757.637199524118,234710.4680720186,15,0.6,PhD,Salaried,0
61,47056.08201085566,709.2351921108174,50000.0,17,0.6,Bachelor,Self-Employed,0
60,33588.438492523295,582.9749978273762,203434.57961715304,25,0.6,Bachelor,Self-Employed,0
39,20000.0,676.7406982355465,307574.0896081706,16,0.6,Bachelor,Self-Employed,1
61,43435.01495295942,763.2034986295037,207544.68631431725,10,0.6,PhD,Self-Employed,1
22,32204.97357167942,850.0,338198.619042479,16,0.6,Master,Self-Employed,1
32,88965.56964851575,629.4787025500804,178900.36897211158,15,0.6,High School,Salaried,1
49,40244.4358389496,735.788310613143,280212.07303902623,25,0.6,Bachelor,Self-Employed,1
46,39834.36491562433,763.4480520084319,129738.39410613073,22,0.6,Bachelor,Salaried,1
44,27181.326881170316,568.7595001010236,276956.5295644303,1,0.6,Master,Freelancer,0
52,46005.24007215945,828.2078318061481,218607.5926582253,3,0.6,High School,Salaried,0
51,40031.97605536681,543.4815315916554,182419.9603325817,20,0.6,Master,Salaried,0
63,76065.9414311669,730.8985515032977,50000.0,6,0.6,PhD,Salaried,1
56,52527.14239122477,680.5319779547066,179649.857935556,1,0.6,High School,Self-Employed,1
28,49867.03966015434,655.557555999816,217076.24154238484,29,0.6,Master,Salaried,1
37,47979.90868876103,850.0,266296.7548175934,5,0.6,High School,Salaried,1
47,61792.62380283803,619.8744764673199,324875.9839279254,16,0.6,High School,Freelancer,1
23,43215.07751548249,618.2654407271392,362802.6161092729,6,0.6,High School,Freelancer,1
22,60008.091402977574,783.1478807397796,299701.38744983874,24,0.6,High School,Salaried,1
33,74209.54731091167,726.1803778086784,155032.77397566446,4,0.6,Master,Salaried,1
26,56901.1251544947,778.2098920958554,175615.67283858088,4,0.6,High School,Self-Employed,1
58,46254.030757622975,661.6869382341114,259113.23768349466,19,0.6,High School,Freelancer,1
53,35698.11243542148,681.6942617012163,241569.15678782412,15,0.6,High School,Salaried,1
30,45873.14020479388,840.0935612994574,330267.67675130896,18,0.6,High School,Self-Employed,1
62,58446.183109588565,566.4045920419304,398351.1534967929,8,0.6,High School,Salaried,0
56,27012.08987124018,639.712295590834,381374.4156078578,4,0.6,Bachelor,Self-Employed,1
40,62473.14136563924,729.8254071425445,319515.0559838676,7,0.6,High School,Self-Employed,1
37,53114.19032342097,630.4139179912162,242232.21191543178,8,0.6,Master,Salaried,1
24,47762.16260361922,592.9854120716965,307946.00503566756,4,0.6,Master,Salaried,0
41,40108.79882823497,711.8484512786522,332915.28109827166,9,0.6,High School,Freelancer,1
45,42854.33448545949,783.5805666491494,188215.96821959852,24,0.6,Master,Self-Employed,1
54,58959.590621979616,635.9165637194143,157387.12219929925,1,0.6,High School,Salaried,1
45,48076.827108573336,633.1410379189251,138606.31999426603,8,0.6,High School,Self-Employed,0
32,42482.90049082145,585.2311974316569,129889.22132437573,10,0.6,High School,Self-Employed,1
29,57028.45240057284,620.4023156594266,89440.37419254474,3,0.6,Bachelor,Salaried,0
57,57622.846662381955,758.3606079830186,219992.13672941818,21,0.6,Bachelor,Self-Employed,1
59,31262.374080139285,658.1062870693656,120019.77591294947,21,0.6,Master,Salaried,0
61,58572.21044865477,569.5009339069712,137318.22526916943,21,0.6,Bachelor,Freelancer,0
41,87525.47319290665,676.2362380323663,256100.44473413817,1,0.6,Master,Salaried,1
56,57044.31184063257,755.119401098604,214528.72530028078,22,0.6,High School,Salaried,1
46,24514.891927344983,593.8114336452571,234369.99525069396,28,0.6,Master,Salaried,1
56,52660.63087759319,517.1394780404437,309211.9009513665,5,0.6,High School,Self-Employed,0
46,22537.76938709473,850.0,269162.39268326364,26,0.6,High School,Self-Employed,1
50,97510.57508096239,512.1470649956752,321510.92651621305,13,0.6,High School,Self-Employed,1
39,83535.12030476712,614.0977436144215,206398.11958224565,0,0.6,High School,Self-Employed,0
39,40010.92275806906,673.212851185867,328943.24730499164,17,0.6,Bachelor,Salaried,1
23,20000.0,622.7572298755708,228778.9411485968,6,0.6,Master,Freelancer,0
56,36824.432193608234,642.5089155344981,213496.50088761625,0,0.6,High School,Salaried,0
37,47285.13891590414,707.6838167874594,316922.09650212026,0,0.6,Master,Self-Employed,1
62,23572.043869403922,410.82783422872063,130227.7056645364,0,0.6,Bachelor,Salaried,0
57,48964.66227505659,523.3105528476149,361888.045403398,23,0.6,Master,Self-Employed,1
54,47186.32003594623,654.4259386070329,177431.99839701713,3,0.6,High School,Self-Employed,1
25,51877.32045594333,609.578298802639,102551.36227605426,3,0.6,Bachelor,Self-Employed,0
54,53444.6776540697,662.9411258275597,252280.15616446896,28,0.6,PhD,Salaried,0
35,35515.73600184273,672.7653282631304,169814.27919053915,17,0.6,Bachelor,Salaried,1
42,37198.78940375519,438.40800045290075,362064.56735290005,26,0.6,Bachelor,Salaried,0
41,50683.88246705075,777.3640332151647,165367.93449718822,10,0.6,High School,Self-Employed,1
29,40535.11805189079,600.173211689965,225155.91338815697,26,0.6,High School,Salaried,0
28,63612.42152625884,563.4486815223993,85952.53476175175,0,0.6,Bachelor,Freelancer,1
24,50538.418246515495,670.8355295959279,265033.1395917977,27,0.6,Master,Salaried,1
38,77975.04850996211,660.7160227782243,137808.79393128763,9,0.6,High School,Salaried,1
54,62307.23657406839,769.6690817654638,255465.97522660808,8,0.6,Bachelor,Self-Employed,1
33,66555.70804085897,677.1873162770017,165732.38082353107,22,0.6,Bachelor,Salaried,1
43,51988.49101947179,765.8110848024301,50000.0,3,0.6,Bachelor,Freelancer,0
43,52360.42251935445,556.1822624572294,210495.2072275107,27,0.6,Bachelor,Self-Employed,1
51,75969.80869863766,664.18610552075,206914.2813662748,5,0.6,Master,Salaried,0
59,44325.60674694456,538.5252292675111,270485.7258898091,29,0.6,Bachelor,Salaried,1
59,58201.69031247859,659.7675855560279,324480.04574713635,15,0.6,Master,Salaried,1
29,46006.43701757814,638.5712044398115,352992.75279334385,1,0.6,High School,Salaried,0
48,45970.459124190456,634.2702574799097,269132.33707767085,22,0.6,High School,Self-Employed,1
48,32466.5560138742,635.1472447638367,222289.53536527345,17,0.6,High School,Salaried,1
55,38862.28473714589,723.6389470184597,85813.31283876278,9,0.6,High School,Salaried,1
42,36075.95822875324,489.26403429974204,216161.67495920058,23,0.6,High School,Salaried,1
51,58915.53213384754,560.0212137215827,217195.21359511462,23,0.6,High School,Salaried,0
54,65603.08892335494,645.9428173254825,184108.77922751775,16,0.6,Master,Salaried,1
49,48578.699396323966,532.1336910528751,250637.4120480647,12,0.6,High School,Self-Employed,0
54,53444.4189524548,654.6114106201044,289752.4568785707,23,0.6,Master,Self-Employed,1
26,47712.929673423554,644.9147478758925,134527.6855577053,17,0.6,High School,Self-Employed,1
40,37838.36120160522,509.6243354947417,133281.25166404265,21,0.6,PhD,Self-Employed,0
25,62933.94537195318,504.68348537457223,188856.63905786967,12,0.6,Master,Salaried,1
56,59788.020406392185,387.62117644507344,150781.66474336616,16,0.6,High School,Self-Employed,0
38,21611.810220440544,527.9329950318087,68699.74381121097,4,0.6,Master,Salaried,0
49,45753.3649814712,651.43232582106,120272.58109416386,10,0.6,Bachelor,Salaried,0
51,36769.589881888576,665.6187822940877,101414.30823700475,6,0.6,Master,Salaried,0
50,44135.92145502162,670.189955962845,296676.04064145224,28,0.6,Bachelor,Salaried,1
27,39943.526494306105,572.2081187332619,336226.1604807422,9,0.6,Bachelor,Self-Employed,0
56,49303.694438879,648.169651597851,112365.32341643306,16,0.6,Master,Salaried,0
62,45051.27897299789,689.7244609241453,243685.8810509689,14,0.6,Bachelor,Self-Employed,1
58,44732.88959268742,523.1964450498847,269881.3139575801,17,0.6,High School,Salaried,1
45,66610.8264250807,662.332907439054,80618.49706721089,22,0.6,Master,Salaried,1
50,58357.67991003873,715.6481211835091,212878.31577431996,21,0.6,Bachelor,Self-Employed,1
52,39441.5802454935,600.9227870177119,402681.29322772205,18,0.6,Bachelor,Salaried,1
56,41666.79900779868,756.2234330349603,254171.74930861045,29,0.6,High School,Salaried,1
54,57376.89583099419,603.256565617503,180375.95669339754,25,0.6,Bachelor,Salaried,1
42,57356.293575541495,563.9939144876925,155185.07798254327,1,0.6,PhD,Self-Employed,0
53,40943.296414068966,705.684117855292,50000.0,25,0.6,High School,Self-Employed,1
44,46490.13999646753,850.0,237637.89248933856,3,0.6,Bachelor,Salaried,1
54,77702.09060130452,658.5353618887809,355825.34298034525,2,0.6,Bachelor,Freelancer,1
24,41201.778672179855,713.490780411372,134916.49964816635,6,0.6,Master,Self-Employed,1
39,78662.06882688178,599.1282778902156,50000.0,23,0.6,Bachelor,Self-Employed,0
46,66555.00413788707,525.8383780203973,146862.06549174205,17,0.6,Bachelor,Self-Employed,0
63,75881.24412583199,666.6265645900734,270527.97967825667,9,0.6,PhD,Salaried,1
52,40563.920418958565,682.4399971787911,165719.99961423318,6,0.6,Bachelor,Self-Employed,1
24,47471.66188905858,614.2088909618838,134362.55256695295,7,0.6,High School,Salaried,0
61,43262.54286836656,713.1056518021505,201532.39320462872,5,0.6,High School,Salaried,0
45,66901.29787889303,584.591999018568,218376.0597734284,21,0.6,Bachelor,Freelancer,1
53,41484.74340991866,559.7913734148258,88928.78873826444,25,0.6,High School,Self-Employed,1
43,60968.232400143104,756.0642930486165,182617.3042450541,0,0.6,High School,Salaried,1
44,60174.49116788062,756.534762654163,160218.59088621294,3,0.6,Master,Salaried,1
23,49279.55703928735,586.5656894164322,148727.65206015337,13,0.6,High School,Self-Employed,0
48,69479.89601246503,821.8850490404822,118637.06644868417,16,0.6,Master,Salaried,1
63,51615.19804589907,621.2893307469751,275300.6283835838,19,0.6,High School,Salaried,1
23,62511.28577912455,658.4782864643959,148449.04569615776,17,0.6,Master,Salaried,0
47,42579.449466233265,641.5347458151572,50000.0,10,0.6,Master,Salaried,1
38,39148.44778839762,702.376021744568,221143.82575803468,28,0.6,High School,Self-Employed,1
61,60967.18293886412,677.1421493800942,258015.95781385474,20,0.6,Bachelor,Salaried,1
54,56462.60366500622,675.7962161581657,136318.7147827298,25,0.6,High School,Self-Employed,1
30,53649.61496192549,548.0438368280114,155226.9848172827,13,0.6,Master,Salaried,1
64,44844.674780933245,481.14376832103153,148075.7023657302,8,0.6,Master,Self-Employed,1
60,73238.14214789456,764.2160028252862,172267.73108559116,26,0.6,Bachelor,Freelancer,1
50,33251.2129361923,595.4554001060256,288548.0145751858,14,0.6,Bachelor,Self-Employed,0
63,32429.85485403542,645.0966626566521,190875.2662102115,11,0.6,Bachelor,Self-Employed,1
47,64132.497577457434,682.6798909889781,267167.48365337646,9,0.6,Master,Freelancer,1
56,62901.445762146046,812.9009603349268,122493.46947625976,18,0.6,Bachelor,Salaried,1
46,55306.44168487802,666.1357924642508,169304.76643352126,23,0.6,High School,Self-Employed,1
45,45680.71667145791,610.5202437075902,276321.10526778456,18,0.6,Bachelor,Self-Employed,0
34,57536.33193785618,597.6455618713143,135551.56812589924,5,0.6,High School,Salaried,0
28,75812.45445679301,646.2643158758061,280970.91687268246,19,0.6,Master,Salaried,1
57,87733.19311811338,559.0635230359387,149729.27272038895,23,0.6,High School,Freelancer,0
41,25153.794417872654,652.887572314901,174266.99879532645,26,0.6,Bachelor,Self-Employed,0
22,43716.1982112718,644.7980311541986,333613.006987914,5,0.6,High School,Salaried,0
29,42773.401055227405,814.1526948644151,165134.4818267015,7,0.6,High School,Salaried,1
37,74397.79207549524,641.639886140908,211627.6642200508,0,0.6,Bachelor,Self-Employed,0
35,20000.0,457.55118389511506,249314.9138017389,21,0.6,PhD,Salaried,0
33,57707.52789598319,850.0,218120.6919737609,16,0.6,Master,Self-Employed,1
44,46147.845373714496,745.6833731156097,220404.26791116613,16,0.6,High School,Self-Employed,1
36,74571.6912432146,850.0,195476.82048146124,23,0.6,High School,Self-Employed,1
49,72515.5826000669,534.2680013015515,95820.86327869417,14,0.6,Master,Salaried,1
55,55482.60102240039,627.8173218743708,227863.14640798068,6,0.6,Bachelor,Self-Employed,0
23,26304.15393932305,717.4401241494319,141402.52343906765,18,0.6,High School,Self-Employed,0
53,41391.657764973,703.6391372284459,262061.37739225413,21,0.6,Master,Self-Employed,1
44,43034.13385079392,680.6937707359551,309764.91391597484,24,0.6,Master,Salaried,1
43,30103.17808319803,430.0389281499446,55555.41908663875,22,0.6,PhD,Salaried,1
46,67318.76422789056,478.75605424356866,309904.62619416835,27,0.6,PhD,Freelancer,1
43,28198.60254088391,801.7520109063872,167115.37665063652,2,0.6,Master,Salaried,1
43,79479.91262680569,819.5329532869689,189524.06222524217,29,0.6,High School,Salaried,1
63,79442.33951068188,639.3348708563605,127009.00379900882,29,0.6,High School,Salaried,1
27,44224.09607210741,789.0427474406382,215077.41832530213,28,0.6,Bachelor,Self-Employed,1
36,54927.43055194724,547.6772233856702,205345.19065419244,21,0.6,Bachelor,Salaried,0
64,48915.74782894364,570.557394653132,286153.826023428,10,0.6,Bachelor,Salaried,0
58,63527.37200542536,539.771967813685,140688.53786957942,19,0.6,Bachelor,Salaried,1
54,69120.16007847138,565.0080454311354,332864.1921550327,29,0.6,Bachelor,Self-Employed,1
29,53869.95488180099,722.269600952262,253177.12690471116,28,0.6,Bachelor,Salaried,1
26,57036.75064671594,563.7647626936556,207277.51814203273,18,0.6,High School,Salaried,1
60,40690.936040907254,850.0,185537.25088836072,8,0.6,High School,Salaried,1
25,56550.70950335508,696.0070606347438,175474.44422929198,9,0.6,Bachelor,Self-Employed,1
27,52441.43118385971,758.4527046495089,180692.4980474796,1,0.6,Master,Salaried,0
53,36323.08266872965,698.9940582800073,213472.1565548379,0,0.6,High School,Salaried,0
51,49789.44335985333,771.4269650459279,183280.00314450142,29,0.6,Bachelor,Salaried,1
56,44252.2622302089,563.2000000461453,148757.643479401,15,0.6,Master,Freelancer,1
61,40857.56627272912,794.6933538199557,213956.74358693618,17,0.6,Bachelor,Self-Employed,1
37,32802.63188600648,664.0938885591437,133096.95050196903,22,0.6,High School,Freelancer,0
34,50937.54099874214,770.9266110968739,225797.35208013977,25,0.6,Bachelor,Self-Employed,1
63,38292.889905119846,506.04359466238157,182154.63716154068,16,0.6,High School,Salaried,0
51,42933.37741545951,668.0583206608363,255738.4727385475,5,0.6,PhD,Self-Employed,1
40,66126.86412825933,664.5238716781665,279125.93685563817,13,0.6,High School,Salaried,1
38,59481.74151902567,588.0763535020559,279094.4448275791,22,0.6,Bachelor,Salaried,1
40,35318.5002820812,681.3118829747264,225448.40448421007,24,0.6,High School,Salaried,1
49,55278.36601859654,803.9606848001515,234786.49766134762,14,0.6,Bachelor,Salaried,1
47,51991.71047396233,580.3847641036879,174179.91791052517,13,0.6,Bachelor,Freelancer,1
58,75525.4431280019,746.1854356204939,254211.17507866782,23,0.6,High School,Salaried,1
47,70747.17501308411,537.2576943853492,263240.1088529379,21,0.6,Bachelor,Self-Employed,1
44,26993.769114352457,850.0,74613.66771803776,2,0.6,High School,Salaried,1
30,62916.91503437902,728.4600318436709,230267.7756485811,23,0.6,Bachelor,Salaried,1
33,68977.95877435549,822.5117332258573,309450.3846167094,22,0.6,Bachelor,Self-Employed,1
22,58390.38813092497,717.2060519093767,171496.77643161724,18,0.6,Bachelor,Self-Employed,1
22,44968.81784458714,689.0613177729361,154036.24190928965,24,0.6,Master,Self-Employed,1
55,86200.90872675704,729.2932940485919,166410.92311309444,11,0.6,Bachelor,Salaried,1
53,59771.139213905335,636.3552536645828,79609.92057366986,1,0.6,Bachelor,Salaried,0
46,79648.16410592341,488.21660944416783,210078.71635591285,2,0.6,High School,Self-Employed,1
61,70272.17644210262,694.7399346466792,202397.23520778012,17,0.6,Bachelor,Self-Employed,1
22,56962.01990334956,574.4496665400245,215762.14663018408,28,0.6,Master,Salaried,1
37,41304.48632789559,539.8338084620598,233278.12969742416,0,0.6,High School,Freelancer,0
60,49638.42682771248,713.629316843861,136160.52782548187,19,0.6,Master,Self-Employed,0
26,46671.313208096704,622.0891525100307,221855.9359217635,20,0.6,High School,Freelancer,1
43,31782.215665260952,752.770440660569,235455.8927932584,28,0.6,Master,Self-Employed,0
50,59754.22362439554,571.105923124093,160928.66153463745,5,0.6,High School,Self-Employed,0
24,73510.29502939113,602.9171023486174,233609.43986015784,4,0.6,Master,Salaried,0
33,45525.447581728295,765.0296026301394,206456.53011093932,0,0.6,Bachelor,Salaried,1
47,82454.84748837106,677.9842660997608,149504.81844452958,18,0.6,High School,Self-Employed,1
37,26636.258212073993,502.26719590938603,222623.09571869412,0,0.6,High School,Salaried,0
58,65815.45322580806,675.7760882860111,176743.14053174245,26,0.6,Bachelor,Salaried,1
43,75072.80353108115,798.1238548588803,255765.22192115095,20,0.6,PhD,Salaried,1
50,46939.54128528409,602.1422555378533,180866.68959447698,20,0.6,High School,Salaried,1
35,47209.15242285679,709.8057696452909,96818.75345879521,15,0.6,High School,Freelancer,1
49,65641.47763766602,565.0613084844094,221358.95884221207,11,0.6,Bachelor,Self-Employed,0
26,57589.86664939302,636.3216725030571,218352.25982651475,26,0.6,Bachelor,Salaried,1
51,20038.829848107398,758.9835536450433,113509.03097618709,28,0.6,Bachelor,Salaried,1
26,37349.40268190929,671.9231667754974,260042.88923482446,21,0.6,Bachelor,Self-Employed,1
33,49796.7567792881,778.9269862715637,255857.6668908383,7,0.6,High School,Self-Employed,1
37,29454.527304723997,692.5302404227862,130401.58460200732,25,0.6,PhD,Freelancer,0
47,42887.385253551445,850.0,147229.89591520707,15,0.6,Bachelor,Salaried,1
47,29829.718621340988,493.508663078073,188639.39095763786,27,0.6,High School,Salaried,0
42,44447.44054169914,628.2806649939035,139291.82951698898,0,0.6,Master,Salaried,0
60,44950.65909018259,541.5466206707948,251231.77479293421,3,0.6,Bachelor,Freelancer,0
57,55276.3201489057,548.375082554175,211917.7559461768,9,0.6,Bachelor,Self-Employed,0
54,48623.61014000749,549.2816306193961,112515.42832894114,10,0.6,Bachelor,Self-Employed,1
51,57541.84581561134,666.772582205122,134202.3269720568,16,0.6,High School,Salaried,1
58,55753.160112108824,672.6300934821867,295017.53417331213,24,0.6,Bachelor,Self-Employed,0
44,65470.09991396466,692.7455924995116,322844.9902332332,26,0.6,Master,Self-Employed,1
31,63106.745614401734,537.6939439855448,243098.31808420067,22,0.6,High School,Salaried,1
26,61521.85752702075,617.577518100171,183097.9795879749,6,0.6,Bachelor,Salaried,1
57,96573.01142700083,553.5705360243632,164802.96700747387,11,0.6,Master,Salaried,1
55,55211.03954963493,743.5881556271715,243975.9534648804,20,0.6,PhD,Salaried,1
52,88903.57255788293,562.9732449819027,206073.64274075892,6,0.6,Bachelor,Salaried,1
31,56183.276033659,628.6287848004118,71194.28420684987,11,0.6,Bachelor,Salaried,0
40,48757.23627791162,706.0306441323106,282549.43860278645,14,0.6,Bachelor,Salaried,1
53,44402.52226680204,588.4371325502435,307664.2613890295,1,0.6,PhD,Salaried,0
22,72645.88697672644,719.3878444980654,258980.20263545582,13,0.6,Master,Salaried,1
26,74607.55089331907,809.6079735533149,112671.10442974335,12,0.6,High School,Self-Employed,1
25,58996.757839470934,668.9711728725525,149053.88402213284,3,0.6,Bachelor,Salaried,0
37,67003.20161754059,740.1610914568407,51382.41109138311,13,0.6,Bachelor,Self-Employed,1
45,30841.69301115375,442.6579111063617,327683.8793116445,13,0.6,Master,Salaried,0
37,26768.302662316823,607.0948073152149,171460.91493927775,15,0.6,Bachelor,Self-Employed,0
23,68694.90328696181,668.4900816928977,386663.1457319826,6,0.6,Bachelor,Salaried,1
49,48097.82753145467,544.7034921599693,356418.4024726222,18,0.6,PhD,Self-Employed,0
53,61239.536260962544,670.7649335404092,127725.8866904845,1,0.6,High School,Salaried,1
48,39240.68075065883,755.994055605915,143338.58084775892,9,0.6,High School,Self-Employed,1
41,74854.82704557163,462.0439371989978,237295.22738776958,17,0.6,Bachelor,Salaried,0
45,26893.719921664455,531.0927134196153,59636.631690698385,28,0.6,Bachelor,Self-Employed,0
33,29216.22370275967,668.4813270764186,164939.27060971505,16,0.6,High School,Salaried,1
56,71664.67375568517,696.0419729440048,156947.27990346172,4,0.6,High School,Salaried,0
54,20000.0,723.808037490965,348093.27535573667,11,0.6,Bachelor,Salaried,1
54,55678.53302142374,661.0889478887768,212881.43084035645,5,0.6,Master,Self-Employed,1
64,48390.11006605135,696.1512405015809,177218.64179702432,21,0.6,Bachelor,Freelancer,1
58,38960.72121199955,740.348070854068,149481.22138517592,8,0.6,Bachelor,Self-Employed,1
33,47000.90227114447,608.5541898229674,271523.9677859835,19,0.6,High School,Salaried,1
24,37287.14760365285,589.1413913993579,160263.13408556732,0,0.6,Master,Salaried,1
22,73133.83919072749,633.1493369065132,195977.362051,21,0.6,Master,Freelancer,1
54,77067.45632542414,669.9487942277414,148870.11820224285,14,0.6,Bachelor,Salaried,0
61,39713.93619817483,584.1726556798682,78597.02943876846,20,0.6,High School,Self-Employed,1
31,54132.87316202797,610.6242683526788,120317.1897837869,25,0.6,High School,Freelancer,0
64,30123.85293595929,689.7701770507296,159842.26341082453,5,0.6,High School,Self-Employed,1
50,66095.7823850469,665.7750781029715,178939.61357890966,18,0.6,Bachelor,Salaried,1
34,65705.13761964971,631.4662877184242,182446.0859261194,17,0.6,Master,Salaried,1
33,45571.066509384655,475.8930689937351,192886.42395849904,5,0.6,Master,Salaried,1
52,50253.27587629843,649.649200799146,160904.98958791926,12,0.6,Bachelor,Self-Employed,1
23,48593.518257159936,552.9996032490957,307930.10785347247,0,0.6,Master,Salaried,0
56,25723.132494795864,748.30827052059,275838.72958855855,22,0.6,PhD,Salaried,0
44,73190.0622140019,619.1278846721492,189191.25862473296,22,0.6,High School,Salaried,0
38,38495.701416763535,550.376794377748,220340.6623792797,25,0.6,Bachelor,Salaried,1
47,38597.760916131185,643.8456726119952,170232.9406837636,12,0.6,PhD,Self-Employed,0
29,47743.702183072506,777.0699585092191,50000.0,6,0.6,Bachelor,Self-Employed,0
50,64933.228780434176,713.0815849144619,201639.441034082,14,0.6,PhD,Salaried,1
47,41130.45177361954,671.9917150605934,224449.14890009727,11,0.6,PhD,Salaried,0
31,20717.221678948335,517.3904940953144,70987.05935678181,26,0.6,Bachelor,Freelancer,0
47,36695.02908905699,812.1600099766322,239952.8855355682,25,0.6,Master,Salaried,0
55,56362.106286184855,587.8372825964098,177553.86576441527,0,0.6,Master,Self-Employed,0
62,82846.25431713779,743.3783912872343,227034.69765077299,14,0.6,Bachelor,Freelancer,1
28,31101.200504402663,617.4637121648585,179968.10821039314,3,0.6,Bachelor,Salaried,0
25,30552.473487787563,733.750787248324,300076.3579381479,12,0.6,High School,Salaried,1
32,27311.06748741776,780.6874095875273,218098.30564672695,22,0.6,Bachelor,Freelancer,1
50,25449.125130509885,714.8137269907534,280193.3166937606,26,0.6,Bachelor,Salaried,1
57,68085.37190122146,725.5854959759939,286778.0913739956,24,0.6,High School,Salaried,1
46,72420.3286304657,640.1561013844367,110435.54191292715,4,0.6,High School,Salaried,0
42,52666.33840370604,606.6033857927189,140878.65039830818,28,0.6,High School,Salaried,0
57,42984.30841788715,663.829868978581,236128.85461810048,1,0.6,Master,Self-Employed,0
31,76867.1568029394,616.0085494230783,170757.01729934622,22,0.6,PhD,Self-Employed,1
58,52608.62062484757,850.0,180911.45845949632,25,0.6,PhD,Self-Employed,1
30,66341.55064040651,550.7641713509486,302925.1857736488,0,0.6,Bachelor,Salaried,0
45,42253.265874172765,750.2085216590409,175170.68974463438,15,0.6,Master,Salaried,0
56,50663.65781335661,701.7196834539013,122485.65214011341,22,0.6,Master,Self-Employed,1
56,31439.875318294307,672.9872208123937,133295.99986915244,5,0.6,Bachelor,Salaried,0
57,59438.734578403775,797.988609991384,374588.5200954161,22,0.6,Bachelor,Self-Employed,1
39,52864.066261599735,679.8377452601179,185742.44156918104,15,0.6,High School,Salaried,0
60,36581.55151379324,586.5093080257585,90860.17958256717,13,0.6,PhD,Self-Employed,0
53,36783.39275710308,679.1730377253408,58443.312374672445,28,0.6,Bachelor,Salaried,1
45,74239.37755008115,631.6821731094772,150029.0685860709,25,0.6,Bachelor,Salaried,1
44,79575.03125692725,700.3284668816649,184278.2304458093,2,0.6,Bachelor,Salaried,1
53,46802.96994999018,731.3073631629499,275933.8965142138,14,0.6,Bachelor,Salaried,1
58,51016.30359143244,564.091205763593,268187.61331694137,2,0.6,High School,Salaried,1
33,56001.71711972325,769.5336118002815,199492.2863141732,22,0.6,Bachelor,Self-Employed,1
34,52220.47637239531,624.510015513154,163666.51310723287,28,0.6,High School,Self-Employed,1
44,24885.534191920546,694.3613922682179,227168.1482737352,1,0.6,Master,Self-Employed,1
46,56418.06015785579,711.7030170320696,60100.31390908896,0,0.6,Bachelor,Freelancer,0
56,20000.0,686.738869063063,358486.4715143374,8,0.6,Bachelor,Salaried,0
62,39009.73713113571,639.0891482347431,252328.44766852888,8,0.6,Bachelor,Salaried,0
51,57581.40719937227,601.1402418007336,269359.2175782618,22,0.6,Bachelor,Salaried,0
38,58999.91311887256,623.1005492696659,114067.72944987114,6,0.6,Bachelor,Self-Employed,1
41,37848.903736857654,806.5171932528878,302611.8913037277,2,0.6,Bachelor,Salaried,1
46,43123.44589719624,563.4133562870941,163198.6271178964,25,0.6,Master,Self-Employed,1
43,41092.45236502319,578.0756662037033,123795.35017451493,17,0.6,Master,Salaried,1
34,48457.33755295895,573.6851176856286,196866.21035150244,10,0.6,Master,Freelancer,0
40,49598.08480046505,663.5753879917665,194995.59312093008,6,0.6,High School,Freelancer,1
57,60027.021942936655,497.5294550012194,113717.03419904027,8,0.6,Bachelor,Salaried,1
33,42246.547056653246,514.6440143865607,128405.01171669077,0,0.6,PhD,Salaried,0
62,55600.942878703325,623.9045167040742,122141.45797375598,28,0.6,Bachelor,Self-Employed,1
40,57605.23646730787,521.2224554701762,122902.79457145403,13,0.6,High School,Salaried,0
33,52974.34066057798,529.3728690717198,168952.16743203197,19,0.6,Bachelor,Salaried,1
30,46105.912663257885,521.9731590637061,88881.18910620337,5,0.6,High School,Self-Employed,0
28,52709.6819641316,565.3388290866671,144690.04020688514,6,0.6,High School,Salaried,1
49,61276.10410090364,723.1246506670407,283610.76387074153,9,0.6,PhD,Self-Employed,1
35,62587.77301574468,745.5707956121082,265864.7561683347,6,0.6,Bachelor,Self-Employed,1
52,77230.59027240358,841.9000893218606,116009.66072857963,25,0.6,High School,Salaried,1
40,35149.60645540607,838.2361858513478,276656.3933835387,1,0.6,PhD,Salaried,0
37,43399.88913506896,728.6312709880447,50000.0,29,0.6,PhD,Salaried,1
26,25797.970095973968,752.7677674801032,394331.5457609723,3,0.6,Bachelor,Self-Employed,0
56,63965.14196491783,663.1102090685918,304025.0553708474,20,0.6,High School,Salaried,1
33,44982.3874046488,701.9864852012269,155221.44702879144,29,0.6,Master,Self-Employed,1
46,53092.8647304399,844.360304818317,230594.12493880882,27,0.6,Master,Salaried,1
42,40934.92145830041,687.121286805683,87926.45375126968,16,0.6,Bachelor,Salaried,1
57,45099.44007533262,765.323857854524,204835.42319406508,0,0.6,Master,Salaried,1
44,68347.85158139988,556.5648391421489,185306.95739980266,9,0.6,Bachelor,Salaried,0
37,60413.50115728975,583.3761275741772,133218.92884860834,18,0.6,High School,Salaried,1
60,48327.169135115815,681.2069597794967,162515.4010939313,14,0.6,Bachelor,Salaried,1
63,61517.20879214595,664.9931670063391,154641.00193524582,9,0.6,Bachelor,Salaried,1
60,61848.50120056811,588.0065812595104,109461.06245458918,18,0.6,Master,Salaried,0
35,44128.617249698975,850.0,131348.22032826697,11,0.6,Bachelor,Salaried,1
52,27963.806590456876,667.2594103914867,84652.445920023,23,0.6,High School,Self-Employed,1
26,36512.575594969414,605.7274947815338,268586.46124484943,15,0.6,Bachelor,Salaried,1
56,29892.070949262245,665.161882736063,125430.98028349849,8,0.6,Bachelor,Salaried,0
44,67466.51968989361,652.5426702611635,102238.33027438767,14,0.6,Bachelor,Self-Employed,0
50,70071.72824671521,668.7802547891089,267320.3743852797,29,0.6,Bachelor,Salaried,1
64,73795.60820238525,490.6282984648967,229569.6283471464,26,0.6,Bachelor,Self-Employed,1
32,20000.0,779.1946696566865,264360.08447591675,27,0.6,Master,Salaried,0
39,66071.01365560581,784.882942043915,273286.65793573234,16,0.6,High School,Salaried,1
33,83182.86964077028,797.0320772036486,354996.3917550739,13,0.6,Bachelor,Freelancer,1
30,66679.81570715967,682.5431758536298,187516.81866454525,26,0.6,Master,Salaried,0
31,20000.0,716.2481060164516,83391.3856803594,17,0.6,Bachelor,Self-Employed,0
38,76524.47462595158,563.377305199275,221683.02406097003,25,0.6,Bachelor,Salaried,1
59,50625.335556979124,733.289932859739,146479.6301696146,1,0.6,PhD,Self-Employed,1
28,46514.01340249293,675.1787706893939,123399.57733475674,3,0.6,High School,Self-Employed,0
34,56766.429448744675,603.9593384360758,207994.01377737927,17,0.6,High School,Salaried,0
61,34264.8961614427,736.474469164084,269260.21864076715,6,0.6,Bachelor,Self-Employed,0
63,50041.735563823684,740.34490360911,133120.41267229733,12,0.6,High School,Salaried,1
30,74306.4446765611,656.0608835674933,301951.0469865375,14,0.6,PhD,Self-Employed,0
48,59335.95305784932,693.8382580128404,120830.88327977473,24,0.6,High School,Salaried,1
23,50876.022081540024,546.8282988066439,180487.74229396295,22,0.6,Master,Self-Employed,1
26,51344.12239891413,774.3183437214358,230904.63054246944,27,0.6,Master,Salaried,1
50,32279.09025051798,560.1186811965098,168968.06330527534,21,0.6,High School,Salaried,0
58,47750.18162900412,579.4574351920824,57919.812884917046,25,0.6,Bachelor,Self-Employed,1
59,25485.569965553488,656.2315645430537,274192.5993431044,0,0.6,High School,Self-Employed,1
40,65336.614285907155,761.451628421846,150122.85277151782,10,0.6,Bachelor,Salaried,1
29,20000.0,761.394863321566,259591.87595149543,9,0.6,High School,Salaried,1
22,62823.50569431065,649.517537809487,98868.46919778704,24,0.6,PhD,Salaried,1
43,64691.163512510924,727.3013362253812,112525.07343228706,4,0.6,PhD,Salaried,0
38,69781.46923590792,481.09415506711036,268994.67276442854,15,0.6,High School,Salaried,0
28,51302.88744742704,578.0680009870447,227240.64741936186,10,0.6,High School,Self-Employed,0
46,63749.42699236293,580.1049560536399,164913.14314522588,20,0.6,Master,Salaried,1
25,47603.80039452176,775.2212909759818,228402.527853667,5,0.6,High School,Self-Employed,1
57,32199.543234680998,715.4654162908008,123676.86915645136,8,0.6,Master,Self-Employed,1
27,72960.98588806993,668.4652775904601,208820.72939911275,12,0.6,Bachelor,Salaried,1
52,48546.71255577388,678.1735063829374,210284.31387120523,23,0.6,Bachelor,Salaried,0
40,28857.330237902086,806.8339276030124,170097.47158471768,7,0.6,Master,Salaried,1
60,42997.77581315327,632.9820333493449,133177.14355273932,13,0.6,Bachelor,Salaried,0
48,43590.12976147743,518.593269146596,205619.8862571835,23,0.6,PhD,Self-Employed,0
31,56925.453771863184,758.7195184395305,195601.50853592815,0,0.6,PhD,Salaried,1
47,85205.71225059096,668.1839037205061,162734.23368643128,16,0.6,High School,Self-Employed,1
40,57836.279199238474,745.3671678165781,117294.84238553999,23,0.6,High School,Salaried,1
60,53102.65777994788,645.5235192613492,200998.1639468374,4,0.6,PhD,Salaried,0
24,86836.64299343832,566.1310476296107,162934.21081307152,24,0.6,PhD,Salaried,1
34,64683.403098690884,690.2821721082977,117227.39036504533,1,0.6,High School,Salaried,1
49,53813.73806202393,651.017507074143,203482.3848606489,24,0.6,Master,Salaried,0
41,42808.822117728574,668.4942282874409,328664.4377644309,27,0.6,Bachelor,Salaried,1
49,54743.00114306841,811.6570494117416,170653.78672743376,29,0.6,High School,Self-Employed,1
29,49004.14393860295,540.1297522615299,319822.1232993618,23,0.6,Master,Self-Employed,1
62,51371.511913384944,678.5918660475983,369146.53717840766,8,0.6,High School,Salaried,1
60,69716.03637154208,568.1003309841324,123726.48780978599,3,0.6,PhD,Salaried,0
22,41895.16725293768,390.9454026879942,200723.53665591715,16,0.6,High School,Salaried,1
24,57703.1106224527,645.1034810977776,368298.55342530477,16,0.6,Bachelor,Salaried,0
34,64234.099847563906,653.1022936999807,190313.60308727648,20,0.6,High School,Salaried,1
49,40068.31224763386,712.3522102950759,202944.971661232,17,0.6,Bachelor,Salaried,1
46,37660.678767663485,628.2459251416057,66399.56205000865,15,0.6,Bachelor,Salaried,0
54,47744.87116128645,501.09996448760285,157467.0479744266,29,0.6,High School,Salaried,1
59,43075.55614615309,567.7568422745137,244447.09477351495,7,0.6,Bachelor,Salaried,0
27,67284.98913112257,781.6958836686704,394342.6114361,25,0.6,Bachelor,Salaried,1
53,34973.475821530184,566.3372070709369,184319.45332226477,10,0.6,High School,Self-Employed,0
42,51027.07052793005,808.3225529692506,66989.8942198916,20,0.6,Master,Salaried,1
37,88190.72500106713,754.9984292571384,87580.06473813529,20,0.6,Bachelor,Salaried,1
42,56195.84800679274,618.2219395663931,197136.82512493627,17,0.6,Bachelor,Salaried,0
32,58689.352164573276,577.0920836897301,294176.54384417995,22,0.6,Bachelor,Self-Employed,1
58,67410.23743545687,754.7912969130579,250988.29463003163,28,0.6,Bachelor,Self-Employed,1
57,43055.76401861961,625.908875490638,236820.4690808101,23,0.6,High School,Self-Employed,1
56,33778.70556881894,495.43498603000415,304731.5509534077,9,0.6,Bachelor,Salaried,0
40,52647.66914244117,706.2316620623258,142381.67299848387,12,0.6,Bachelor,Salaried,0
41,53981.05742522806,691.7263447858186,201527.57759660523,16,0.6,Master,Self-Employed,1
39,25726.838079302583,763.7706202714778,158369.4303838084,17,0.6,Master,Salaried,0
62,55626.07872024167,684.9594999360297,178283.5411638341,9,0.6,Bachelor,Salaried,0
35,66047.75748051559,595.0853022954283,119498.4516539612,15,0.6,High School,Self-Employed,1
36,36305.77890463986,776.9678839602134,172481.91428529634,19,0.6,High School,Salaried,1
52,56533.3377256222,786.6990432678843,197782.75470036807,4,0.6,High School,Salaried,1
22,63383.95490555201,673.3205963985207,170282.28001107596,12,0.6,High School,Salaried,1
24,58800.1731279512,656.0321914532972,187115.07975889585,17,0.6,Bachelor,Salaried,1
37,60215.09358112336,517.6728976894894,232403.2434749749,16,0.6,High School,Salaried,0
44,46327.99637290548,589.2473657653524,299095.6615251519,8,0.6,High School,Self-Employed,1
32,33087.43493389106,726.0769641959354,304892.4694490078,13,0.6,High School,Self-Employed,1
33,43292.80306424131,594.2719699637299,260913.74139175937,16,0.6,High School,Salaried,1
31,41209.143471940624,504.31621306066774,99201.48172493473,28,0.6,High School,Self-Employed,0
53,48796.11430688681,850.0,171167.2011544117,3,0.6,High School,Salaried,1
37,66399.06358189895,503.65940415733115,178057.1975429919,17,0.6,Bachelor,Salaried,1
29,30322.39807753747,850.0,147428.01353691483,26,0.6,Bachelor,Self-Employed,1
59,52163.750342260864,619.257655540174,227388.09432236853,19,0.6,High School,Self-Employed,0
33,34048.97531723221,641.5437000856192,72453.72053748337,23,0.6,Bachelor,Self-Employed,1
45,38899.29623265843,582.7721727812401,335485.31756226334,23,0.6,Bachelor,Self-Employed,1
49,58381.11128917763,728.2837164737892,295617.65372173715,14,0.6,High School,Self-Employed,1
29,32150.82419951451,506.02257868899153,238256.18095214062,10,0.6,High School,Self-Employed,0
49,61013.664345544676,465.9670963765828,195031.25360638523,11,0.6,Bachelor,Salaried,0
57,29717.533300629126,811.0171529378606,298307.14360580425,8,0.6,Bachelor,Self-Employed,0
47,60004.7060515724,569.6027601193023,255152.39494242138,12,0.6,High School,Freelancer,1
29,26757.03095632232,724.6088119539685,288531.0227374474,14,0.6,High School,Self-Employed,0
49,40732.809811150764,541.4543923103784,195275.83341921278,26,0.6,Master,Salaried,0
49,78447.41574694341,720.8421042894582,343145.04686913337,14,0.6,High School,Salaried,1
58,75628.1955465033,818.3546498778451,293351.0300551885,27,0.6,High School,Salaried,1
62,43812.13021224282,597.2878614584884,240762.9036348745,4,0.6,Master,Salaried,0
57,55849.40879044852,456.6558893214019,300477.83363449236,22,0.6,Master,Freelancer,1
48,68061.02028327326,818.8793913309905,166467.0446532822,18,0.6,Bachelor,Salaried,1
38,60219.44261630707,742.6244321524891,106599.97125223787,25,0.6,Bachelor,Salaried,1
30,45898.036303177636,602.6428766228692,225724.04104379806,19,0.6,High School,Freelancer,1
54,38770.470289455,628.2047946731354,195432.76433492248,25,0.6,High School,Salaried,1
41,63021.547144368946,538.9347803750314,184182.61261778968,24,0.6,Bachelor,Salaried,0
34,66960.54962921752,792.025693244196,297304.9631479522,25,0.6,High School,Salaried,1
49,75735.52751591582,596.5284392189355,213371.13705685042,25,0.6,Bachelor,Self-Employed,1
50,24691.258648203933,508.1291462452526,221085.52588283876,13,0.6,PhD,Salaried,0
34,31203.128176984213,671.3645881512472,173835.79529967232,27,0.6,PhD,Freelancer,0
56,67428.8540322062,563.998663842146,270489.85114236205,16,0.6,High School,Salaried,0
27,26727.04179874735,546.9985424136892,256150.06250463356,17,0.6,Bachelor,Salaried,0
39,68578.24932367899,606.9900796238054,269892.7741515435,20,0.6,Bachelor,Salaried,1
26,46776.01241021912,658.6355315500371,160218.88266910572,2,0.6,Master,Self-Employed,0
46,42186.29270994973,511.8890244085253,304327.07680375956,1,0.6,High School,Salaried,0
23,53081.42894407204,788.5148925212324,347101.4739013099,0,0.6,High School,Salaried,1
31,29819.47321646752,717.7159712065787,267363.07178597647,9,0.6,High School,Salaried,1
51,62360.22245897527,613.4637009227268,135256.9370204567,18,0.6,Bachelor,Self-Employed,0
26,75344.55496542045,559.6656513703002,135823.8172611039,16,0.6,Bachelor,Salaried,1
54,63058.64323721362,641.0774547083336,169969.84355255298,11,0.6,Master,Self-Employed,0
22,46302.369611687885,739.9435040755722,154849.82287851832,0,0.6,Bachelor,Self-Employed,0
39,26929.464383518385,724.4584027199679,194312.58994501882,11,0.6,High School,Salaried,1
53,27506.188156956006,755.8504300451178,250595.39730942782,16,0.6,Bachelor,Salaried,0
32,30055.350466410386,601.9622509019678,223196.19525998787,23,0.6,High School,Salaried,0
42,49815.82584331524,357.5074820803323,216183.12451090312,2,0.6,Master,Salaried,1
47,51701.000949089066,774.7811197916246,180703.78001598833,10,0.6,PhD,Salaried,1
46,63026.65266111493,633.2803856927648,194092.32582683605,16,0.6,PhD,Salaried,1
43,23059.565202753867,716.6166065471662,263726.0406023201,22,0.6,Master,Salaried,0
48,69668.153455886,816.9228754640302,50000.0,25,0.6,High School,Salaried,1
34,60416.09478418057,850.0,199088.76732170148,2,0.6,High School,Salaried,1
54,45097.455604067974,585.017852185918,223039.007594186,7,0.6,Bachelor,Salaried,1
55,32153.576874018498,663.3959907165645,262686.64548378345,19,0.6,PhD,Self-Employed,1
62,68737.10962536678,786.6836460605446,119196.32485729405,3,0.6,High School,Freelancer,1
56,45498.59058143924,565.5720981477004,114967.22540375049,20,0.6,High School,Self-Employed,0
22,49699.71650983357,591.7888406209572,246716.3995902507,21,0.6,Master,Salaried,0
42,55754.17956181898,591.1961421541125,50000.0,6,0.6,High School,Salaried,1
27,36302.01641327583,647.1909686591978,306575.1288608628,13,0.6,Bachelor,Salaried,1
49,45767.29131462127,627.987631971003,218127.35931942484,13,0.6,Bachelor,Salaried,1
38,62979.7535303057,590.6204677743675,324697.69702747493,3,0.6,High School,Salaried,0
26,61461.441177444125,553.4242584393741,113034.20987443897,15,0.6,High School,Self-Employed,0
52,61596.608100428566,731.1940328395292,165091.24250254076,23,0.6,Master,Salaried,1
26,32672.303732893524,783.7831020966117,50000.0,28,0.6,Bachelor,Salaried,1
59,46451.29473906288,798.2714794172415,136344.81896037792,21,0.6,PhD,Freelancer,1
24,44054.09247428292,601.8926442615516,185292.24954224966,29,0.6,Bachelor,Salaried,1
44,56377.68263412052,735.3724672257277,50000.0,0,0.6,High School,Salaried,1
58,55034.86984473347,673.6325902727775,168429.85502412805,16,0.6,Master,Salaried,0
58,52331.40996114405,592.9328651386675,50000.0,24,0.6,Bachelor,Salaried,1
31,86986.00933129893,723.4218218708196,179403.18520708597,9,0.6,High School,Self-Employed,1
31,45637.90879783944,588.3394945954503,291768.95416865894,21,0.6,Master,Salaried,0
40,43882.65370897183,612.3823397218312,197201.61999087018,15,0.6,High School,Salaried,0
38,32648.75494495916,512.327029749637,332656.58980894426,15,0.6,High School,Self-Employed,0
42,26932.29011106694,603.5778902566774,262903.4050715688,25,0.6,High School,Self-Employed,0
35,31695.23934176337,675.3861209014585,307851.8278885577,7,0.6,Bachelor,Freelancer,0
30,39219.77111835081,806.8934495677495,138804.3807297373,28,0.6,Bachelor,Self-Employed,1
22,69651.09641656779,614.6504553798313,136868.6697285918,6,0.6,Bachelor,Salaried,0
34,50587.458565427885,546.1830852913066,227649.0733108295,27,0.6,Master,Salaried,1
25,52899.960004291,799.7368970934125,73783.83266937127,5,0.6,PhD,Salaried,1
22,48555.90037696855,599.5447562915782,237691.49998096723,15,0.6,High School,Salaried,1
61,55479.51489532683,475.1618343859135,174086.41467624562,19,0.6,High School,Self-Employed,1
53,71031.08220826765,663.3093735136785,306399.7470037326,15,0.6,High School,Self-Employed,1
55,20091.03745597946,617.5226526720825,254360.98032635284,6,0.6,High School,Salaried,0
49,68275.05973378071,850.0,287736.51442721015,8,0.6,Bachelor,Salaried,1
52,20000.0,697.5366034347212,139663.51348839622,13,0.6,Master,Salaried,0
29,50423.040672828916,635.3657646345164,283856.82150093827,10,0.6,Master,Freelancer,0
60,82878.61032116623,557.5502790744397,315576.9995491426,25,0.6,High School,Salaried,1
47,60209.86909297316,683.0166841192968,196902.89412957273,25,0.6,Bachelor,Self-Employed,1
55,55595.884029809546,795.6709950061794,140851.95045068095,13,0.6,Bachelor,Self-Employed,1
24,80029.1895020446,681.1814183477261,142257.02390124724,6,0.6,High School,Freelancer,0
33,39454.056529982845,565.2570307882054,299121.0393612772,0,0.6,Bachelor,Self-Employed,0
22,56509.51133697572,703.8806211751954,414747.6593938649,25,0.6,PhD,Self-Employed,1
26,58671.756462108395,645.1393105127185,121468.39438598225,24,0.6,Bachelor,Salaried,1
51,42163.96798659462,694.8613103318162,115318.39599659518,12,0.6,Master,Salaried,1
51,43488.347307560296,614.519264981578,273713.1344539583,19,0.6,Bachelor,Salaried,1
38,41843.3085016499,612.1704725738788,139686.91765066845,2,0.6,High School,Salaried,1
44,51309.724610128455,608.222020256822,281468.43073826155,19,0.6,Bachelor,Freelancer,1
36,58200.3740865697,744.2238151497362,237227.69388213166,3,0.6,High School,Salaried,0
58,51848.454093719934,613.1774724758909,198081.81580016288,28,0.6,High School,Self-Employed,0
42,60641.92726144783,604.0269268625773,235301.72276173503,25,0.6,Bachelor,Salaried,0
35,20462.79071039679,555.7934098437634,230415.86953227152,10,0.6,Master,Salaried,0
23,46726.23254385745,695.4013801716767,185631.48017710596,1,0.6,Bachelor,Freelancer,1
32,34648.710344740306,681.1701802131219,59491.11746892045,13,0.6,Bachelor,Salaried,0
60,54525.837690243476,605.1231775511369,214292.05828712278,11,0.6,Master,Salaried,1
59,54303.76143008485,579.0621292442139,325844.82928513316,29,0.6,Master,Salaried,0
55,48265.66827563817,837.6173413227712,71298.50694363812,16,0.6,Master,Self-Employed,1
59,57654.18515798107,461.9556944875162,122737.19838888443,11,0.6,High School,Salaried,0
55,64967.190773960414,699.3172003201721,234146.15798128088,25,0.6,PhD,Salaried,1
39,49092.19216540537,779.1403548216008,203087.34901858243,11,0.6,High School,Salaried,1
51,34224.57667850447,311.31862385117,232894.57276674313,0,0.6,Bachelor,Self-Employed,0
36,26281.136436207787,729.4140060076179,144054.54337378705,12,0.6,High School,Self-Employed,0
48,50541.652629951925,627.9745398503912,292996.6629273845,13,0.6,Bachelor,Salaried,1
55,53628.000522703114,675.6054864283259,203752.0452552169,23,0.6,High School,Salaried,1
59,35457.141657200315,617.676203547791,255758.84178744454,29,0.6,Bachelor,Self-Employed,1
54,60886.502347445494,757.5393445646077,225622.1928776877,1,0.6,Bachelor,Salaried,1
45,43115.646712631395,686.3119341671357,214039.59743687938,11,0.6,High School,Salaried,1
36,25153.507022432743,663.1719889534315,250146.6925622504,25,0.6,Bachelor,Salaried,1
51,68846.54513517785,560.1139393041407,214919.03631735605,20,0.6,Master,Self-Employed,0
63,67159.81878803245,838.2292233834189,104784.07775235905,27,0.6,PhD,Salaried,1
38,20000.0,650.993101973327,286988.5460572771,15,0.6,High School,Salaried,0
26,41560.99577519461,850.0,265450.18289985467,3,0.6,Master,Self-Employed,1
50,40976.244778785855,842.7569385178194,50000.0,7,0.6,Bachelor,Self-Employed,1
25,74592.32989126255,472.16490327346196,147663.97720994582,1,0.6,Bachelor,Salaried,1
31,48510.609349375154,584.505403919731,283388.83699942456,9,0.6,High School,Salaried,1
38,27561.827029168737,546.3048994025058,53845.71628177329,8,0.6,Bachelor,Self-Employed,0
31,63231.57173361318,645.1793918512938,275485.35055205954,22,0.6,PhD,Freelancer,0
38,31538.366813508786,668.7164020486161,188702.19714765996,14,0.6,Bachelor,Self-Employed,0
41,46094.89263917358,672.992646789343,307222.6056267193,12,0.6,Bachelor,Salaried,1
45,38453.46683178685,755.4128676018979,199908.2568739629,22,0.6,Bachelor,Salaried,1
26,41593.1735258009,799.358276930887,142234.56056034978,16,0.6,High School,Self-Employed,1
55,64058.87134345909,746.7487749238638,224646.85286073125,29,0.6,Master,Self-Employed,1
27,72819.95241998248,593.9064785776253,197569.1608392011,15,0.6,Master,Salaried,1
23,30884.468804309323,571.797613489256,135131.90926874554,27,0.6,High School,Salaried,0
34,59391.146382617255,650.2761835883937,377467.47864091094,1,0.6,Master,Self-Employed,1
64,39008.69555465006,692.6119526404661,122312.14547325483,19,0.6,High School,Salaried,1
64,39474.92134963887,631.6808654282878,50000.0,19,0.6,PhD,Salaried,0
32,57359.54332134072,515.4515163747778,326535.9174497194,26,0.6,Bachelor,Salaried,1
44,34581.45851429457,718.20595085768,153314.92221472587,13,0.6,High School,Salaried,0
37,57059.039011625675,610.7685231266097,176258.13912274435,2,0.6,Bachelor,Salaried,0
52,60951.70034764602,607.7487265577956,171367.51482967727,22,0.6,Bachelor,Self-Employed,0
32,43512.01607451472,644.5387325941907,154427.8852673339,11,0.6,High School,Salaried,1
37,69906.171530205,626.0101082919839,138704.60229892432,7,0.6,Bachelor,Salaried,1
29,30907.630819077396,613.3498944487899,120254.61580024284,1,0.6,Bachelor,Salaried,1
25,70181.09285917509,521.9874693066811,205180.78093636525,3,0.6,Master,Salaried,0
61,20840.188557723006,638.7752533048341,167840.99538594918,13,0.6,High School,Salaried,0
25,90495.71210629265,720.2953791906867,258428.97522671573,15,0.6,Bachelor,Salaried,1
46,43906.966420672514,676.4644005121289,238615.52412929232,18,0.6,High School,Self-Employed,1
24,32565.392654185733,744.8121439100645,125799.02451796766,1,0.6,Master,Salaried,0
53,46509.92137220002,577.1454977679994,208681.7020857885,11,0.6,High School,Salaried,0
24,34302.83086063358,522.1941520882199,166572.93407029173,28,0.6,PhD,Salaried,0
48,55804.47948281813,625.4150021022003,120667.16458930675,13,0.6,Master,Salaried,1
50,70514.8599720522,588.5763381451303,255154.5256412106,5,0.6,Bachelor,Self-Employed,0
53,35098.15660914984,598.9665016792252,190293.97765533082,12,0.6,Bachelor,Salaried,0
40,58690.98858761005,671.1749718081127,167395.99838636167,3,0.6,High School,Freelancer,1
42,27008.96946656361,599.6919460895344,131554.62108613766,21,0.6,High School,Salaried,1
26,65494.32099842919,524.9931510793606,117765.05911413288,17,0.6,Master,Self-Employed,0
39,56243.545503913934,594.1005272118002,359101.44191316364,11,0.6,PhD,Salaried,1
49,66142.7498199548,684.0059366860802,226729.49197039971,19,0.6,High School,Self-Employed,1
63,48164.79646038342,717.1480601006917,112709.67702377467,26,0.6,Bachelor,Salaried,1
43,43472.65103217872,716.1422784083347,223029.27186582502,21,0.6,Master,Salaried,0
42,62241.761540859996,692.447309424791,284961.294143643,29,0.6,Bachelor,Self-Employed,1
27,30379.272176623723,633.1906534034756,213401.40900240338,20,0.6,High School,Self-Employed,0
22,23857.635023996372,690.491409895913,309921.70737064997,18,0.6,High School,Salaried,0
26,49925.57023939943,645.7664341801762,76574.94863440264,7,0.6,High School,Salaried,0
62,44156.05089711811,661.3096137820238,50000.0,6,0.6,Master,Salaried,0
33,58307.49997672319,556.067326213406,220841.39374830027,15,0.6,Bachelor,Self-Employed,0
47,66373.27136470996,654.3874963760716,222119.69146991064,18,0.6,Bachelor,Salaried,0
55,57995.21118726709,687.8666234251411,50000.0,5,0.6,PhD,Salaried,1
35,65178.54967740118,684.1127313439708,150113.91270383878,19,0.6,Bachelor,Self-Employed,1
47,54815.78499998246,521.2480973940701,119307.01484932358,26,0.6,Master,Self-Employed,0
48,57418.936224816476,659.6260776403383,88644.30074374749,20,0.6,Bachelor,Self-Employed,1
30,48250.14185251594,505.6110422536087,119116.65883121513,10,0.6,High School,Self-Employed,0
47,56975.68191522773,667.3676646138526,247663.02412794877,4,0.6,PhD,Self-Employed,0
43,52499.7924284527,579.8662808397286,118607.59829682333,15,0.6,Bachelor,Salaried,0
51,54877.651947935956,820.5642942525445,121350.22923345267,6,0.6,High School,Salaried,1
64,47499.13950369741,661.924332929589,70495.57529138567,26,0.6,Bachelor,Self-Employed,1
38,62133.938007069475,730.1164019823923,301512.7714012661,4,0.6,High School,Salaried,1
47,39343.21175247573,850.0,234770.58923765074,10,0.6,Bachelor,Freelancer,1
57,49724.7646864384,568.2598188911279,50000.0,14,0.6,Master,Salaried,0
22,69676.75850311364,693.5674910905911,121420.79366214508,2,0.6,PhD,Salaried,1
29,35769.17265618312,531.4088990767154,242281.43075159407,25,0.6,PhD,Freelancer,1
56,20000.0,684.4897008249919,302511.40391862695,4,0.6,High School,Self-Employed,1
36,55496.85749446958,826.5709266450403,267267.1007493325,22,0.6,Bachelor,Salaried,1
43,46145.68264469751,587.2116785558211,171545.36717936915,20,0.6,High School,Self-Employed,0
35,65162.93360557759,561.4045686705404,50000.0,4,0.6,Master,Self-Employed,0
47,48042.273801545096,640.8825766481436,269619.91951290483,8,0.6,Bachelor,Salaried,0
49,40934.913926550325,850.0,176248.25189435965,14,0.6,Bachelor,Salaried,1
44,48862.7390627268,727.1038919953255,205508.9611692056,2,0.6,Master,Self-Employed,0
35,66396.02879919816,559.508534794399,185806.36494332025,28,0.6,Bachelor,Self-Employed,1
45,58630.54440788563,795.5060582481769,91557.64003389857,5,0.6,Bachelor,Salaried,1
23,20000.0,484.4937007666813,229140.0169778391,16,0.6,PhD,Self-Employed,1
47,52786.51238130157,850.0,218116.72248907574,25,0.6,PhD,Self-Employed,1
35,53536.431986021074,735.6450680015159,165936.89256681612,20,0.6,High School,Salaried,1
28,49726.25052199221,826.3557440006718,237688.46398899896,7,0.6,Bachelor,Self-Employed,1
24,40836.65162647116,485.2201891615965,90080.03620613553,20,0.6,PhD,Salaried,1
44,67917.97811759666,666.9441830859687,178479.7779293513,24,0.6,High School,Salaried,1
64,68660.50922202293,636.6111073434284,202090.1978348631,10,0.6,Bachelor,Self-Employed,1
39,20000.0,549.302052655336,61205.78942919502,5,0.6,High School,Self-Employed,0
59,38030.60783387833,520.3976379748608,195432.27113311572,7,0.6,Bachelor,Self-Employed,1
56,47829.0402307142,700.7081258759549,258691.61173450368,9,0.6,High School,Salaried,1
36,64227.623055750046,709.7731708113624,175741.5260765706,23,0.6,Bachelor,Salaried,1
46,50522.793145876494,779.9974046725753,197270.80779885245,28,0.6,High School,Salaried,1
58,39746.09299752615,599.6578946673169,244987.52313873335,2,0.6,Bachelor,Salaried,0
49,60643.00365961062,635.839018984419,168975.99129069818,22,0.6,PhD,Salaried,0
31,46829.95871673511,511.75400750539086,176176.2080364569,13,0.6,Master,Salaried,1
60,48238.987112675604,804.0785811994749,105863.71883740263,22,0.6,Master,Salaried,1
38,49592.623498938854,656.9548087757244,198805.0578143388,13,0.6,Bachelor,Self-Employed,1
60,58614.62661257726,722.2588501620105,173212.12131161758,9,0.6,High School,Salaried,1
43,45371.75597489319,725.7905396111012,239927.1836042658,11,0.6,High School,Salaried,0
47,60304.19738970833,795.9107157301978,245076.79633465913,5,0.6,PhD,Salaried,0
46,48903.965473893906,566.8600532732546,263296.7231210305,11,0.6,Bachelor,Salaried,0
38,33994.75120373186,719.7586600347179,159339.17192838952,22,0.6,High School,Salaried,1
34,49448.35541456828,647.4991293690958,50000.0,13,0.6,Master,Salaried,0
41,34771.79895282177,850.0,259331.17971718198,1,0.6,High School,Self-Employed,1
46,50614.80184663913,566.5635821003983,234489.67712779273,8,0.6,High School,Salaried,1
25,62442.108938471996,767.1426347763872,149176.67162511282,9,0.6,PhD,Self-Employed,1
31,33895.56490996828,685.0341779228397,244395.21596538697,25,0.6,Master,Freelancer,0
24,55464.10108706658,679.7856094206021,84112.81579870067,16,0.6,Bachelor,Self-Employed,0
62,37564.43812470188,655.4020726047489,282419.217029622,16,0.6,PhD,Salaried,0
39,53025.50839874821,784.6665822836787,173310.035856476,2,0.6,Bachelor,Freelancer,1
57,62903.06363030726,676.3851701073935,133685.7909596084,29,0.6,Master,Salaried,1
43,20000.0,497.5584661879023,150263.87550088897,18,0.6,High School,Salaried,1
55,33282.862596929815,771.9503568712245,181481.20111998302,0,0.6,High School,Self-Employed,1
29,44465.30832335117,753.6201832131721,199039.03413604293,11,0.6,Bachelor,Self-Employed,1
61,54725.60733772423,708.7137684212847,203862.42243195255,6,0.6,Master,Salaried,0
40,47504.25005962514,537.1526370252453,165631.40448335008,3,0.6,Bachelor,Salaried,0
63,49311.78827028622,552.688463977868,216019.16587691833,9,0.6,High School,Salaried,0
62,80644.76788026885,462.25571147638914,200662.34194667471,12,0.6,High School,Salaried,1
58,31813.140817261585,696.0329873179813,148194.16035404807,1,0.6,Master,Salaried,0
27,67032.27524544156,515.045115182563,136144.7500462989,9,0.6,High School,Freelancer,0
47,44750.32809268375,478.12491071378355,248669.243431587,20,0.6,Bachelor,Freelancer,0
55,58242.121887481015,777.4989119300044,241946.08287983242,21,0.6,High School,Self-Employed,1
27,81934.198336184,726.8179564462847,204570.90841290107,24,0.6,High School,Salaried,1
58,60330.170355281385,616.6828335169073,273935.6372792161,3,0.6,Bachelor,Self-Employed,0
54,55587.43564685,636.5953416742805,50000.0,17,0.6,Bachelor,Freelancer,1
43,73986.83502724062,409.2655793016058,154848.42867946374,4,0.6,Bachelor,Self-Employed,0
42,66871.97966889787,741.674491905922,107494.63101322846,18,0.6,High School,Salaried,1
27,38009.08885757846,580.7268535511316,380501.7812110281,1,0.6,Master,Salaried,0
27,54417.87113680784,683.0290863133141,257057.58563167893,11,0.6,High School,Salaried,1
25,24237.563987888607,401.1437738208516,193675.04130733793,16,0.6,Bachelor,Salaried,0
51,41897.69917438623,747.7568032161546,262799.2463076925,9,0.6,PhD,Self-Employed,0
32,54710.79451399789,574.7155230614276,289302.0531004092,1,0.6,High School,Self-Employed,0
51,40968.419708281115,512.3957736210646,288450.53532192565,5,0.6,PhD,Salaried,0
52,54100.50118957887,616.0398365511633,273736.27880802826,7,0.6,High School,Salaried,0
45,49799.23076520442,590.3604782064515,178996.77413743507,28,0.6,Bachelor,Salaried,1
30,58046.25098592564,757.4267612909866,159890.76644128383,18,0.6,Bachelor,Salaried,1
24,43637.01466957833,607.9604877638372,123024.86560154519,10,0.6,PhD,Salaried,1
52,35897.7662834493,786.2617026613368,240195.78133832058,24,0.6,High School,Self-Employed,1
61,72171.90239259892,683.0142615789073,187285.1411736975,11,0.6,Bachelor,Salaried,1
58,42564.54885965083,739.4367887212375,166522.31755862432,8,0.6,PhD,Self-Employed,1
57,59900.15889675677,649.7833546772114,162347.0910617758,1,0.6,Bachelor,Salaried,1
45,71528.70539708804,777.2058982339884,316015.41045077506,7,0.6,Bachelor,Salaried,1
52,52440.04998496298,534.6376009717324,276214.4330273337,25,0.6,High School,Salaried,0
27,37155.40145835276,661.3624457494327,346431.50849025324,10,0.6,Master,Self-Employed,0
23,47320.85038178983,610.3564170568585,242321.3039913687,27,0.6,High School,Salaried,1
41,65263.11374910129,789.6628479507312,204556.35522039185,20,0.6,High School,Self-Employed,1
49,53093.713186067944,799.9034404659426,197967.803940406,3,0.6,Bachelor,Salaried,1
32,31922.873116935847,650.0421259237119,118375.87621908217,9,0.6,Bachelor,Self-Employed,1
25,58949.657503005685,520.8488898904195,99086.48065988794,20,0.6,PhD,Self-Employed,1
36,61542.97203576498,692.7097316791668,240587.28175142995,19,0.6,PhD,Salaried,1
27,44670.32170823099,483.53902649662336,125225.70316133961,15,0.6,Master,Self-Employed,0
51,59153.66563407119,812.6142798783112,216916.62030937886,7,0.6,Master,Salaried,1
59,53675.27893190701,602.6829929363962,289237.33464761695,3,0.6,Bachelor,Self-Employed,0
23,47038.55692036941,646.9429836582505,146763.68535752827,28,0.6,High School,Salaried,1
36,30596.963846095045,581.9048924193246,360838.53076732624,9,0.6,Master,Salaried,0
32,66169.30842658636,559.8218413299179,120744.39032447204,11,0.6,High School,Self-Employed,1
29,61388.164998797496,723.7291316547053,279215.5805191877,28,0.6,Bachelor,Self-Employed,1
47,58758.29441562969,634.1383322948678,233980.494490589,13,0.6,Master,Salaried,1
26,73167.8900551714,654.2482538923175,295527.6199956921,15,0.6,Bachelor,Self-Employed,1
27,64177.90590520391,549.6108920781161,110704.19109122483,21,0.6,Master,Salaried,0
47,60298.49009227344,735.605922349704,384561.67335628887,17,0.6,High School,Salaried,1
25,20000.0,745.7789735136867,185697.99329736756,20,0.6,Bachelor,Self-Employed,0
40,67953.42427703623,629.1071513120422,254131.8351439425,21,0.6,High School,Salaried,1
41,51246.20771423076,776.7922133331888,315558.99911572004,20,0.6,Bachelor,Salaried,0
54,54687.37520385708,639.5875845775478,151627.03460038273,11,0.6,Master,Self-Employed,0
41,54789.99784540079,727.975549628882,266058.1090357743,17,0.6,Bachelor,Salaried,1
33,61607.49115463419,487.70724191699026,138282.42838228057,29,0.6,High School,Self-Employed,0
22,66832.62543202528,685.3430866486412,311756.92643662717,6,0.6,High School,Salaried,1
47,59513.61714588833,622.8518532393065,139185.5415017013,19,0.6,High School,Salaried,1
35,57129.28383979837,665.5522425954996,203080.55859966073,23,0.6,Bachelor,Salaried,0
59,53472.691089433574,661.0682405655826,224489.6560809568,22,0.6,PhD,Self-Employed,1
58,20000.0,662.5699822176985,262743.98157780926,6,0.6,High School,Self-Employed,1
32,45686.13470824718,711.5700729362553,357478.1046741236,8,0.6,Master,Salaried,0
57,35876.157239740314,593.4826368394022,163842.48083084085,0,0.6,Master,Salaried,1
34,68161.09308408629,706.9079259535644,291098.7819418885,25,0.6,Bachelor,Freelancer,1
64,59285.5579742944,773.2524883117907,357620.6758907309,5,0.6,Bachelor,Salaried,1
24,43127.94519179399,508.98589950196765,213258.66886919338,5,0.6,Master,Self-Employed,1
54,44634.24226596134,571.9459901770674,155989.3799903767,21,0.6,High School,Salaried,0
27,44090.27955046368,576.1464574498814,61597.30084517668,28,0.6,High School,Self-Employed,1
31,43822.60768521621,540.7954200549041,350662.061392885,11,0.6,High School,Salaried,1
26,28331.638347128042,602.5302230362942,180444.4536060509,21,0.6,PhD,Self-Employed,0
44,25080.807600833483,753.311851539984,119891.32006155592,11,0.6,PhD,Self-Employed,0
31,50435.70158572616,794.7586924512428,91333.59326321898,9,0.6,Master,Salaried,1
23,66129.71209039033,660.6174969746502,119742.86476879669,22,0.6,High School,Salaried,1
34,41934.65453858206,617.57639891518,273576.42345817323,29,0.6,Bachelor,Self-Employed,0
61,54551.67126386068,730.292396908066,284629.48221397906,25,0.6,High School,Self-Employed,1
23,61013.91375765088,413.60315057478203,252169.7497164429,5,0.6,High School,Salaried,0
41,35099.32691624215,544.4821527896842,210587.02618826917,16,0.6,Bachelor,Salaried,0
22,49700.368569201455,417.8369593300084,100358.35283989314,18,0.6,PhD,Self-Employed,1
58,40002.192780897276,543.4300282644558,141604.7243278362,17,0.6,PhD,Salaried,0
30,74091.7923774694,573.2982473098,111470.44714549796,5,0.6,Bachelor,Self-Employed,0
38,73436.89260293171,797.7681877937678,245825.6804421012,23,0.6,High School,Salaried,1
30,35114.85740187724,373.89380338440105,114935.00169106365,18,0.6,High School,Self-Employed,0
32,55788.265746264886,608.3297399765667,142860.3111157126,9,0.6,Bachelor,Freelancer,1
36,66013.98951218736,711.9566472178108,185321.02056011945,23,0.6,Master,Freelancer,1
45,62724.942505644955,691.0730663269094,66415.98775229222,7,0.6,Master,Salaried,1
59,51223.445524765484,796.1738133534893,203741.7144672677,20,0.6,Bachelor,Self-Employed,1
56,69598.36192646521,666.1051478596588,191427.76951715708,23,0.6,Bachelor,Salaried,1
51,36432.27966515851,687.4278180481145,294736.7316769353,5,0.6,High School,Salaried,1
52,45453.605834079615,466.14931681974497,134410.75639729985,20,0.6,High School,Salaried,1
26,36835.363703606374,551.1731141823191,96064.35853501315,24,0.6,Bachelor,Salaried,0
35,61737.40242050932,471.7295256551977,170075.22803269722,29,0.6,High School,Freelancer,1
32,41260.44688550822,707.26081079141,112152.6965251187,6,0.6,Bachelor,Salaried,1
30,47431.26236844371,684.8690451757246,203132.36734504995,23,0.6,Master,Self-Employed,1
55,59265.05552398623,681.3537967283515,51205.21105387152,0,0.6,Bachelor,Self-Employed,1
33,60473.74870666724,561.8566391541926,151572.3677298175,26,0.6,High School,Self-Employed,1
56,36393.104806171235,552.7050220683335,125730.26641422242,17,0.6,High School,Salaried,1
56,65849.82925659188,670.9446932296418,245420.5661668855,23,0.6,Bachelor,Salaried,1
22,56835.34503000877,583.0613947228865,135154.8232299708,27,0.6,Bachelor,Self-Employed,1
61,33774.45740629398,547.9595436167763,61112.33931212008,24,0.6,Bachelor,Salaried,0
43,30084.261563650805,599.1610628741931,183854.39224523614,19,0.6,Bachelor,Salaried,1
50,49762.70434606898,583.9257963964692,225590.89122196072,11,0.6,Bachelor,Salaried,1
29,62751.40983975213,563.3277025371547,178303.58453914194,15,0.6,Master,Salaried,1
32,63135.7379360147,527.4232183242398,151094.17766247137,9,0.6,Bachelor,Self-Employed,0
62,55342.50315837264,694.8689768338907,146275.031953259,26,0.6,Master,Salaried,1
58,50730.12257490239,805.6049439477057,209035.84259536272,9,0.6,Bachelor,Salaried,0
35,57676.06503618508,646.0995799381346,128844.10006083615,13,0.6,High School,Salaried,0
51,37170.04228416112,672.2434136969928,173721.3622871573,24,0.6,Bachelor,Salaried,1
56,75304.81794538087,703.6377852601704,260035.7256709899,19,0.6,Bachelor,Salaried,1
42,75109.07627183781,686.6565757193122,95894.15368754837,9,0.6,PhD,Salaried,1
58,56432.18471931046,565.3087671683021,196506.63842077824,9,0.6,Master,Salaried,1
26,52959.50629989278,821.9846211102586,56880.84697623961,25,0.6,PhD,Self-Employed,1
40,43828.68541010944,574.2689486322039,218234.37360079624,24,0.6,PhD,Salaried,0
35,57931.23268699491,714.8088364660409,121695.26313607511,10,0.6,Bachelor,Salaried,1
47,39630.23943474835,703.0191307342911,281567.3450424636,22,0.6,Bachelor,Salaried,1
25,20000.0,454.15584578653625,81844.21522837208,1,0.6,Bachelor,Salaried,0
46,20000.0,614.1153583087081,235366.32294408063,24,0.6,PhD,Freelancer,1
63,38007.5250025477,655.662845181217,297690.48628211947,19,0.6,Master,Salaried,1
46,52345.671843774166,663.3151211424286,117544.8478863625,7,0.6,High School,Salaried,1
39,54979.57600930224,680.1420515516767,131049.20568040483,29,0.6,Master,Salaried,0
61,42698.644872360725,725.7662872939976,124464.3484498722,22,0.6,High School,Freelancer,1
29,52127.527507143546,649.2484635729222,161130.98492765566,28,0.6,Bachelor,Salaried,1
60,45886.57464418204,685.4617568017944,241393.74393515725,6,0.6,High School,Self-Employed,0
61,35010.30863524794,645.5045413227617,154599.60528903012,7,0.6,Bachelor,Salaried,0
35,49193.832365463124,548.2666343245227,110323.34198349144,0,0.6,Master,Freelancer,0
53,62194.356685484745,653.2401441369674,50000.0,20,0.6,High School,Self-Employed,0
59,35689.073783805165,724.9089844253069,328155.8005209917,1,0.6,High School,Salaried,0
54,35695.930804704534,760.8788382475365,334439.6504331718,17,0.6,High School,Salaried,0
44,33961.24109071762,703.7315657544204,244818.96315907652,14,0.6,Bachelor,Salaried,0
36,20952.21898237826,783.4350325949299,135169.30444600122,0,0.6,Bachelor,Salaried,0
54,42796.96438779472,691.886474740898,259816.16921053175,4,0.6,High School,Salaried,1
46,60711.29169428797,736.3879821668837,275896.55339944526,1,0.6,High School,Salaried,1
38,52608.74125750644,743.7391149279786,179660.1494869813,19,0.6,Bachelor,Salaried,1
54,47461.2367391554,627.6649459116264,203309.48351991124,2,0.6,High School,Salaried,1
23,51935.971973602536,722.6003432567668,298541.4583591594,18,0.6,Master,Salaried,1
35,42665.27768856263,555.9355102359086,68763.09143548732,17,0.6,High School,Salaried,0
61,20781.700441047917,684.9812342548864,279873.82584977394,28,0.6,Bachelor,Salaried,1
61,61755.78172721849,707.7025826668453,175267.69509147893,21,0.6,High School,Freelancer,1
60,66066.86860676977,755.109512069933,110993.73583911597,17,0.6,Bachelor,Salaried,1
27,39077.64835898319,732.0759303981306,117575.48213645289,13,0.6,High School,Self-Employed,1
27,47737.46569090166,756.4114183334714,130822.22923847294,29,0.6,Master,Salaried,1
24,46445.012434097596,640.0619669873577,103194.34239190376,23,0.6,PhD,Salaried,1
28,55269.332141368126,615.4606845329953,341711.1179511213,7,0.6,PhD,Salaried,0
29,75348.40184939434,622.5101242114383,239296.2350800801,28,0.6,Bachelor,Salaried,1
63,67396.86867933959,676.628373044863,285158.6202886855,29,0.6,Bachelor,Self-Employed,1
36,44346.28661879156,469.12529843577477,244989.46332933425,11,0.6,Master,Self-Employed,1
50,58136.957922503556,783.1756970394554,204898.20867761387,20,0.6,Bachelor,Salaried,1
54,68815.35302859069,654.3873359828975,205980.42586925055,9,0.6,High School,Freelancer,1
51,56125.17746592167,608.4998417664881,168198.98888721102,22,0.6,Master,Salaried,1
60,49929.50893339741,397.02837893945394,174737.40988478635,19,0.6,Bachelor,Freelancer,0
48,56690.001420007786,646.3186493821718,87351.73009496868,16,0.6,High School,Freelancer,1
57,39450.9271615479,630.1523484924244,286546.09208322107,10,0.6,High School,Salaried,1
50,41640.78313843878,560.2953569354745,54941.33711975638,1,0.6,High School,Salaried,0
59,34039.48647198354,582.6953154872988,115311.15275766407,25,0.6,Bachelor,Salaried,0
54,54605.967748553645,647.3363355554836,360962.7304768489,25,0.6,High School,Self-Employed,1
58,48028.956409666425,591.1763540412317,210893.83064518613,3,0.6,High School,Salaried,0
48,37653.22907977881,707.1878066178356,214216.8356024159,0,0.6,High School,Freelancer,0
54,47537.308825692424,575.1216411355983,250987.08382141832,14,0.6,Bachelor,Self-Employed,0
25,57049.97391144755,665.4608429520778,76773.00055028836,12,0.6,Master,Salaried,1
43,78720.68458996988,768.004536881117,88496.53068239814,7,0.6,Bachelor,Salaried,0
23,65181.01797055787,646.3404137437449,164408.45227609226,24,0.6,High School,Self-Employed,1
31,20000.0,685.5977123959746,127731.12339618479,3,0.6,High School,Salaried,1
